SWR,1,45-2041.00,"Graders and Sorters, Agricultural Products",Y
RWS,1,37-3011.00,Landscaping and Groundskeeping Workers,Y
SRW,1,47-5011.00,"Derrick Operators, Oil and Gas",Y
SIW,1,45-4021.00,Fallers,Y
SRW,1,47-2043.00,Floor Sanders and Finishers,Y
RSW,1,47-3014.00,"Helpers--Painters, Paperhangers, Plasterers, and Stucco Masons",Y
SIW,1,45-4022.00,Logging Equipment Operators,Y
SRW,1,51-3022.00,"Meat, Poultry, and Fish Cutters and Trimmers",Y
IRW,1,47-2161.00,Plasterers and Stucco Masons,Y
SRW,1,47-5051.00,"Rock Splitters, Quarry",Y
SRW,1,47-5071.00,"Roustabouts, Oil and Gas",Y
WRA,2,47-2121.00,Glaziers,Y
WIS,2,43-5041.00,"Meter Readers, Utilities",Y
SWA,2,51-8099.01,Biofuels Processing Technicians,Y
SWA,2,51-8013.03,Biomass Plant Technicians,Y
SWI,2,47-2021.00,Brickmasons and Blockmasons,Y
SWI,2,51-8091.00,Chemical Plant and System Operators,Y
SWI,2,51-2021.00,"Coil Winders, Tapers, and Finishers",Y
SWR,2,47-5081.00,Helpers--Extraction Workers,Y
SWR,2,47-5044.00,"Loading and Moving Machine Operators, Underground Mining",Y
IWA,2,49-9094.00,Locksmiths and Safe Repairers,Y
SWR,2,53-4011.00,Locomotive Engineers,Y
SWI,2,51-4035.00,"Milling and Planing Machine Setters, Operators, and Tenders, Metal and Plastic",Y
SWI,2,51-8093.00,"Petroleum Pump System Operators, Refinery Operators, and Gaugers",Y
SWI,2,49-3043.00,Rail Car Repairers,Y
SWI,2,51-9012.00,"Separating, Filtering, Clarifying, Precipitating, and Still Machine Setters, Operators, and Tenders",Y
SWA,2,51-2061.00,Timing Device Assemblers and Adjusters,Y
SWA,2,53-6051.07,"Transportation Vehicle, Equipment and Systems Inspectors, Except Aviation",Y
SIW,2,47-2042.00,"Floor Layers, Except Carpet, Wood, and Hard Tiles",Y
SRW,2,35-2021.00,Food Preparation Workers,Y
SRW,2,51-9022.00,"Grinding and Polishing Workers, Hand",Y
SRW,2,43-6014.00,"Secretaries and Administrative Assistants, Except Legal, Medical, and Executive",Y
SAW,2,47-2231.00,Solar Photovoltaic Installers,Y
WAI,3,15-1211.00,Computer Systems Analysts,Y
WARc,3,51-9071.00,Jewelers and Precious Stone and Metal Workers,Y
WIS,3,19-4012.01,Precision Agriculture Technicians,Y
SWA,3,17-3021.00,Aerospace Engineering and Operations Technologists and Technicians,Y
SWR,3,49-3011.00,Aircraft Mechanics and Service Technicians,Y
SWA,3,17-3011.00,Architectural and Civil Drafters,Y
AWS,3,17-3027.01,Automotive Engineering Technicians,Y
RWA,3,15-1232.00,Computer User Support Specialists,Y
SWI,3,33-3051.04,Customs and Border Protection Officers,Y
SWI,3,49-2094.00,"Electrical and Electronics Repairers, Commercial and Industrial Equipment",Y
SWI,3,47-4021.00,Elevator and Escalator Installers and Repairers,Y
IWA,3,49-1011.00,"First-Line Supervisors of Mechanics, Installers, and Repairers",Y
RWA,3,29-2092.00,Hearing Aid Specialists,Y
SWA,3,51-8013.04,Hydroelectric Plant Technicians,Y
SWI,3,51-4041.00,Machinists,Y
AWS,3,29-2035.00,Magnetic Resonance Imaging Technologists,Y
RWA,3,39-5091.00,"Makeup Artists, Theatrical and Performance",Y
SWA,3,17-3013.00,Mechanical Drafters,Y
SWR,3,17-3027.00,Mechanical Engineering Technologists and Technicians,Y
SWA,3,17-3024.01,Robotics Technicians,Y
IWA,3,15-1254.00,Web Developers,Y
AWRc,3,11-9199.09,Wind Energy Operations Managers,Y
WAI,4,15-2011.00,Actuaries,Y
WAI,4,11-2011.00,Advertising and Promotions Managers,Y
WIRc,4,17-2011.00,Aerospace Engineers,Y
WARc,4,11-3051.03,Biofuels Production Managers,
WARc,4,11-3051.04,Biomass Power Plant Managers,
WSI,4,13-2031.00,Budget Analysts,
WSA,4,11-3021.00,Computer and Information Systems Managers,Y
WAI,4,17-2061.00,Computer Hardware Engineers,Y
WIS,4,11-9021.00,Construction Managers,Y
WSA,4,15-1242.00,Database Administrators,Y
WAI,4,17-2199.03,"Energy Engineers, Except Wind and Solar",Y
WIRc,4,11-3031.00,Financial Managers,Y
WSA,4,17-2111.00,"Health and Safety Engineers, Except Mining Safety Engineers and Inspectors",
WIS,4,15-1212.00,Information Security Analysts,Y
WSI,4,17-2112.03,Manufacturing Engineers,Y
WAI,4,11-2021.00,Marketing Managers,Y
WSI,4,17-2151.00,"Mining and Geological Engineers, Including Mining Safety Engineers",
WSA,4,15-1244.00,Network and Computer Systems Administrators,Y
WIS,4,13-1023.00,"Purchasing Agents, Except Wholesale, Retail, and Farm Products",Y
WSI,4,11-3061.00,Purchasing Managers,
WIA,4,19-1031.02,Range Managers,Y
WIS,4,13-1041.07,Regulatory Affairs Specialists,Y
WAI,4,11-3031.01,Treasurers and Controllers,Y
WAI,4,17-2112.02,Validation Engineers,Y
IWR,4,11-9111.00,Medical and Health Services Managers,Y
WAI,5,25-1041.00,"Agricultural Sciences Teachers, Postsecondary",Y
WAI,5,25-1042.00,"Biological Science Teachers, Postsecondary",Y
WIA,5,19-3011.00,Economists,Y
WAI,5,25-1043.00,"Forestry and Conservation Science Teachers, Postsecondary",Y
WAI,5,25-1071.00,"Health Specialties Teachers, Postsecondary",Y
WRA,5,19-3032.00,Industrial-Organizational Psychologists,Y
WARc,5,29-1041.00,Optometrists,Y
WAI,5,25-1065.00,"Political Science Teachers, Postsecondary",Y
RWS,5,29-1141.02,Advanced Practice Psychiatric Nurses,Y
AWI,5,15-1221.00,Computer and Information Research Scientists,Y
AWI,5,17-2112.01,Human Factors Engineers and Ergonomists,Y
AWI,5,19-2043.00,Hydrologists,Y
RWI,5,25-4022.00,Librarians and Media Collections Specialists,Y
AWI,5,17-2199.09,Nanosystems Engineers,Y
IWA,5,11-9121.00,Natural Sciences Managers,Y
RWI,5,25-1072.00,"Nursing Instructors and Teachers, Postsecondary",Y
RWA,5,29-1071.00,Physician Assistants,Y
RcWA,5,19-2012.00,Physicists,Y
AWRc,5,19-3094.00,Political Scientists,Y
RAI,1,41-9091.00,"Door-to-Door Sales Workers, News and Street Vendors, and Related Workers",Y
SIA,1,45-2091.00,Agricultural Equipment Operators,Y
SRA,1,45-2092.00,"Farmworkers and Laborers, Crop, Nursery, and Greenhouse",Y
SIA,1,51-9123.00,"Painting, Coating, and Decorating Workers",Y
RSA,1,51-6021.00,"Pressers, Textile, Garment, and Related Materials",Y
ASI,2,45-2011.00,Agricultural Inspectors,Y
ARcR,2,27-2021.00,Athletes and Sports Competitors,Y
AIS,2,51-3011.00,Bakers,Y
ARI,2,27-1023.00,Floral Designers,Y
ARcI,2,53-1042.01,Recycling Coordinators,Y
AIR,2,51-6052.00,"Tailors, Dressmakers, and Custom Sewers",Y
AIRc,2,27-2023.00,"Umpires, Referees, and Other Sports Officials",Y
RAI,2,27-2011.00,Actors,Y
IAS,2,49-3091.00,Bicycle Repairers,Y
SAW,2,49-9099.01,Geothermal Technicians,Y
SAI,2,51-4034.00,"Lathe and Turning Machine Tool Setters, Operators, and Tenders, Metal and Plastic",Y
SAI,2,51-5112.00,Printing Press Operators,Y
IAW,2,33-9099.02,Retail Loss Prevention Specialists,Y
SAR,2,53-5011.00,Sailors and Marine Oilers,Y
SAI,2,51-6041.00,Shoe and Leather Workers and Repairers,Y
SAW,2,47-2231.00,Solar Photovoltaic Installers,Y
SAW,2,51-9195.03,"Stone Cutters and Carvers, Manufacturing",Y
SAW,2,23-2093.00,"Title Examiners, Abstractors, and Searchers",Y
SAW,2,51-6093.00,Upholsterers,Y
RSA,2,31-1122.00,Personal Care Aides,Y
AWS,3,17-3027.01,Automotive Engineering Technicians,Y
AIR,3,25-1194.00,"Career/Technical Education Teachers, Postsecondary",Y
AIR,3,27-2032.00,Choreographers,
AIRc,3,15-1299.08,Computer Systems Engineers/Architects,Y
AIW,3,27-1012.00,Craft Artists,
AIRc,3,13-1041.08,Customs Brokers,Y
ARW,3,27-2031.00,Dancers,
ASI,3,43-9031.00,Desktop Publishers,
AWI,3,33-3021.00,Detectives and Criminal Investigators,Y
AIW,3,27-1022.00,Fashion Designers,Y
AIS,3,33-2021.00,Fire Inspectors and Investigators,Y
AIR,3,33-2022.00,Forest Fire Inspectors and Prevention Specialists,Y
AIW,3,15-1299.02,Geographic Information Systems Technologists and Technicians,
AWRc,3,11-3051.06,Hydroelectric Production Managers,Y
AWS,3,29-2035.00,Magnetic Resonance Imaging Technologists,Y
ARW,3,29-2099.05,Ophthalmic Medical Technologists,Y
ASR,3,17-3029.08,Photonics Technicians,Y
AIS,3,33-3051.00,Police and Sheriff's Patrol Officers,Y
ARW,3,51-9195.05,"Potters, Manufacturing",
ASW,3,49-2021.00,"Radio, Cellular, and Tower Equipment Installers and Repairers",Y
AIRc,3,47-1011.03,Solar Energy Installation Managers,Y
AIW,3,41-4011.07,Solar Sales Representatives and Assessors,Y
ASR,3,13-2081.00,"Tax Examiners and Collectors, and Revenue Agents",
ASW,3,15-1241.01,Telecommunications Engineering Specialists,Y
AWRc,3,11-9199.09,Wind Energy Operations Managers,Y
IAS,3,13-1041.06,Coroners,Y
RAI,3,39-9031.00,Exercise Trainers and Group Fitness Instructors,Y
RAW,3,31-2011.00,Occupational Therapy Assistants,Y
AIRc,4,13-2011.00,Accountants and Auditors,Y
AIRc,4,13-1011.00,"Agents and Business Managers of Artists, Performers, and Athletes",Y
AIR,4,19-2021.00,Atmospheric and Space Scientists,Y
AWRc,4,17-2141.02,Automotive Engineers,
AWI,4,11-9041.01,Biofuels/Biodiesel Technology and Product Development Managers,
ARcI,4,27-3011.00,Broadcast Announcers and Radio Disc Jockeys,
ARW,4,11-9199.11,Brownfield Redevelopment Specialists and Site Managers,
AIW,4,13-1199.04,Business Continuity Planners,Y
AWRc,4,15-2051.01,Business Intelligence Analysts,Y
AIW,4,17-1021.00,Cartographers and Photogrammetrists,
AIW,4,19-2031.00,Chemists,
ASI,4,15-2051.02,Clinical Data Managers,
ARI,4,27-2022.00,Coaches and Scouts,
ARI,4,27-1021.00,Commercial and Industrial Designers,
ASI,4,11-9199.02,Compliance Managers,
AWI,4,15-1241.00,Computer Network Architects,
ASW,4,15-1231.00,Computer Network Support Specialists,
AWI,4,15-1251.00,Computer Programmers,
AIRc,4,29-2011.01,Cytogenetic Technologists,Y
AWI,4,15-1243.01,Data Warehousing Specialists,
AWI,4,15-1243.00,Database Architects,Y
ASW,4,15-1299.03,Document Management Specialists,Y
AWI,4,17-2071.00,Electrical Engineers,Y
AWS,4,13-1041.01,Environmental Compliance Inspectors,
AWRc,4,17-2081.00,Environmental Engineers,
ASR,4,19-4042.00,"Environmental Science and Protection Technicians, Including Health",Y
AIRc,4,19-2041.00,"Environmental Scientists and Specialists, Including Health",Y
AIW,4,17-2111.02,Fire-Prevention and Protection Engineers,
ASRc,4,19-1012.00,Food Scientists and Technologists,
AIW,4,17-2141.01,Fuel Cell Engineers,
ARI,4,13-1131.00,Fundraisers,Y
AIW,4,17-1022.01,Geodetic Surveyors,
AIRc,4,27-1024.00,Graphic Designers,
AIW,4,15-1299.09,Information Technology Project Managers,Y
AWRc,4,33-3021.06,Intelligence Analysts,
AIR,4,27-1025.00,Interior Designers,
ARS,4,13-1075.00,Labor Relations Specialists,
AIRc,4,13-1081.02,Logistics Analysts,
AIRc,4,13-1081.01,Logistics Engineers,
ARI,4,11-9199.08,Loss Prevention Managers,
AWS,4,13-1161.00,Market Research Analysts and Marketing Specialists,Y
AIRc,4,19-2032.00,Materials Scientists,
ARcI,4,17-2199.05,Mechatronics Engineers,
ARI,4,25-4013.00,Museum Technicians and Conservators,Y
AIRc,4,27-2041.00,Music Directors and Composers,
ASW,4,17-3026.01,Nanotechnology Engineering Technologists and Technicians,
ARcI,4,27-3023.00,"News Analysts, Reporters, and Journalists",
AIW,4,17-2199.07,Photonics Engineers,
AIRc,4,27-3043.05,"Poets, Lyricists and Creative Writers",
AIS,4,11-9199.01,Regulatory Affairs Managers,
AIRc,4,19-2099.01,Remote Sensing Scientists and Technologists,
AWR,4,41-9031.00,Sales Engineers,Y
AWI,4,13-1161.01,Search Marketing Strategists,Y
AWI,4,41-3031.00,"Securities, Commodities, and Financial Services Sales Agents",
AWI,4,15-1253.00,Software Quality Assurance Analysts and Testers,Y
AWI,4,17-2199.11,Solar Energy Systems Engineers,
AIW,4,13-1199.05,Sustainability Specialists,
ARRc,4,27-2012.04,Talent Directors,
ARcS,4,17-2051.01,Transportation Engineers,
AIW,4,19-3099.01,Transportation Planners,
AWI,4,11-9121.02,Water Resource Specialists,Y
AWI,4,17-2051.02,Water/Wastewater Engineers,
AWI,4,15-1299.01,Web Administrators,
AIRc,4,11-9199.10,Wind Energy Development Managers,
AWI,4,17-2199.10,Wind Energy Engineers,
ASW,4,27-3043.00,Writers and Authors,
ARcW,4,19-1023.00,Zoologists and Wildlife Biologists,
AIR,5,29-1291.00,Acupuncturists,
ARI,5,29-1211.00,Anesthesiologists,
AIRc,5,19-1011.00,Animal Scientists,Y
AIW,5,19-3091.00,Anthropologists and Archeologists,Y
AIW,5,11-9041.00,Architectural and Engineering Managers,
AIR,5,25-1031.00,"Architecture Teachers, Postsecondary",
ARI,5,25-1062.00,"Area, Ethnic, and Cultural Studies Teachers, Postsecondary",Y
AIRc,5,19-2011.00,Astronomers,
AIRc,5,25-1051.00,"Atmospheric, Earth, Marine, and Space Sciences Teachers, Postsecondary",
ARcI,5,19-1029.04,Biologists,
AIRc,5,15-2041.01,Biostatisticians,Y
AIRc,5,25-1011.00,"Business Teachers, Postsecondary",Y
AWI,5,25-1052.00,"Chemistry Teachers, Postsecondary",
AIW,5,11-1011.03,Chief Sustainability Officers,
ARI,5,21-2011.00,Clergy,
AIRc,5,19-2041.01,Climate Change Policy Analysts,Y
AWI,5,15-1221.00,Computer and Information Research Scientists,Y
AIW,5,25-1021.00,"Computer Science Teachers, Postsecondary",
AIRc,5,29-2011.02,Cytotechnologists,Y
AIRc,5,29-1213.00,Dermatologists,
AIRc,5,25-1063.00,"Economics Teachers, Postsecondary",Y
AIRc,5,25-1032.00,"Engineering Teachers, Postsecondary",Y
AIW,5,19-3011.01,Environmental Economists,
AIRc,5,19-2041.02,Environmental Restoration Planners,Y
AIRc,5,25-1053.00,"Environmental Science Teachers, Postsecondary",
ARcI,5,19-1041.00,Epidemiologists,Y
ARI,5,25-1192.00,"Family and Consumer Sciences Teachers, Postsecondary",
ARcI,5,29-1216.00,General Internal Medicine Physicians,
AIS,5,15-1211.01,Health Informatics Specialists,
AIRc,5,19-3093.00,Historians,
AIW,5,25-1125.00,"History Teachers, Postsecondary",
ARcI,5,29-1229.02,Hospitalists,
AWI,5,17-2112.01,Human Factors Engineers and Ergonomists,Y
AWI,5,19-2043.00,Hydrologists,Y
AIW,5,19-2041.03,Industrial Ecologists,
ARcW,5,11-3031.03,Investment Fund Managers,Y
AWS,5,23-1012.00,Judicial Law Clerks,
AIW,5,25-1112.00,"Law Teachers, Postsecondary",Y
AIW,5,25-1082.00,"Library Science Teachers, Postsecondary",
AIRc,5,25-1022.00,"Mathematical Science Teachers, Postsecondary",
ARcI,5,15-2021.00,Mathematicians,
ARcI,5,19-1042.00,"Medical Scientists, Except Epidemiologists",
AIW,5,17-2199.06,Microsystems Engineers,
AWI,5,17-2199.09,Nanosystems Engineers,
ARcW,5,29-1217.00,Neurologists,
ARcI,5,29-1218.00,Obstetricians and Gynecologists,
AIW,5,15-2031.00,Operations Research Analysts,
AIRc,5,29-1241.00,"Ophthalmologists, Except Pediatric",
ARcR,5,29-1221.00,"Pediatricians, General",
AIRc,5,25-1126.00,"Philosophy and Religion Teachers, Postsecondary",Y
ARcI,5,29-1229.04,Physical Medicine and Rehabilitation Physicians,
AIRc,5,29-1222.00,"Physicians, Pathologists",
ARcW,5,25-1054.00,"Physics Teachers, Postsecondary",
AIR,5,29-1081.00,Podiatrists,
AWRc,5,19-3094.00,Political Scientists,
AIRc,5,29-1223.00,Psychiatrists,Y
AIRc,5,25-1066.00,"Psychology Teachers, Postsecondary",
ARcI,5,29-1224.00,Radiologists,
AIW,5,27-1027.00,Set and Exhibit Designers,
AIRc,5,19-3041.00,Sociologists,
AIR,5,25-1067.00,"Sociology Teachers, Postsecondary",
AIRc,5,19-1013.00,Soil and Plant Scientists,Y
ARcW,5,29-1229.06,Sports Medicine Physicians,
AIS,5,25-9044.00,"Teaching Assistants, Postsecondary",
ARcW,5,29-1229.03,Urologists,
AIRc,5,29-1131.00,Veterinarians,Y
IRS,1,45-3031.00,Fishing and Hunting Workers,Y
IRW,1,47-2161.00,Plasterers and Stucco Masons,Y
ISW,1,51-6051.00,"Sewers, Hand",
SIA,1,45-2091.00,Agricultural Equipment Operators,Y
SIR,1,39-3091.00,Amusement and Recreation Attendants,Y
SIW,1,45-4021.00,Fallers,Y
SIW,1,45-4022.00,Logging Equipment Operators,Y
SIA,1,51-9123.00,"Painting, Coating, and Decorating Workers",Y
RSI,1,35-3023.01,Baristas,Y
RSI,1,47-2051.00,Cement Masons and Concrete Finishers,Y
SRI,1,53-7011.00,Conveyor Operators and Tenders,Y
RSI,1,35-2011.00,"Cooks, Fast Food",Y
SRI,1,51-9031.00,"Cutters and Trimmers, Hand",Y
RSI,1,35-9011.00,Dining Room and Cafeteria Attendants and Bartender Helpers,Y
RSI,1,35-9021.00,Dishwashers,Y
RAI,1,41-9091.00,"Door-to-Door Sales Workers, News and Street Vendors, and Related Workers",Y
RSI,1,51-6011.00,Laundry and Dry-Cleaning Workers,Y
RSI,1,37-2012.00,Maids and Housekeeping Cleaners,Y
SRI,1,47-4071.00,Septic Tank Servicers and Sewer Pipe Cleaners,Y
SRI,1,51-6031.00,Sewing Machine Operators,Y
ISR,2,53-1041.00,Aircraft Cargo Handling Supervisors,Y
IWA,2,45-2021.00,Animal Breeders,
IRA,2,39-2011.00,Animal Trainers,Y
IAS,2,49-3091.00,Bicycle Repairers,Y
IRS,2,49-9091.00,"Coin, Vending, and Amusement Machine Servicers and Repairers",Y
IRS,2,35-2015.00,"Cooks, Short Order",Y
ISR,2,53-1042.00,"First-Line Supervisors of Helpers, Laborers, and Material Movers, Hand",Y
ISW,2,37-1011.00,First-Line Supervisors of Housekeeping and Janitorial Workers,Y
IRcW,2,33-1012.00,First-Line Supervisors of Police and Detectives,Y
IRS,2,41-1011.00,First-Line Supervisors of Retail Sales Workers,Y
IRS,2,11-9051.00,Food Service Managers,Y
IRA,2,45-4011.00,Forest and Conservation Workers,
IRW,2,11-9071.00,Gambling Managers,Y
ISA,2,33-9031.00,Gambling Surveillance Officers and Gambling Investigators,Y
ISW,2,49-9031.00,Home Appliance Repairers,
IWA,2,49-9094.00,Locksmiths and Safe Repairers,
ISW,2,45-4023.00,Log Graders and Scalers,
ISW,2,49-9011.00,Mechanical Door Repairers,
IRS,2,53-5022.00,Motorboat Operators,
ISW,2,49-3053.00,Outdoor Power Equipment and Other Small Engine Mechanics,Y
ISR,2,37-2021.00,Pest Control Workers,Y
ISW,2,11-9131.00,Postmasters and Mail Superintendents,
ISW,2,43-5061.00,"Production, Planning, and Expediting Clerks",
IAW,2,33-9099.02,Retail Loss Prevention Specialists,Y
ISA,2,47-2053.00,Terrazzo Workers and Finishers,
ISW,2,47-2044.00,Tile and Stone Setters,Y
AIS,2,51-3011.00,Bakers,Y
RIS,2,35-3011.00,Bartenders,Y
SIR,2,47-2132.00,"Insulation Workers, Mechanical",Y
SIW,2,53-3033.00,Light Truck Drivers,Y
RIA,2,39-9011.01,Nannies,Y
SIR,2,51-9083.00,Ophthalmic Laboratory Technicians,Y
ISR,3,27-4011.00,Audio and Video Technicians,Y
IAW,3,49-9061.00,Camera and Photographic Equipment Repairers,
ISR,3,53-5021.00,"Captains, Mates, and Pilots of Water Vessels",Y
IRcA,3,35-1011.00,Chefs and Head Cooks,Y
IAR,3,35-2013.00,"Cooks, Private Household",
IAS,3,13-1041.06,Coroners,Y
ISA,3,47-2111.00,Electricians,Y
ISR,3,39-4011.00,Embalmers,
ISA,3,47-4011.01,Energy Auditors,
IAW,3,27-1013.00,"Fine Artists, Including Painters, Sculptors, and Illustrators",
IRA,3,47-1011.00,First-Line Supervisors of Construction Trades and Extraction Workers,Y
ISA,3,45-1011.00,"First-Line Supervisors of Farming, Fishing, and Forestry Workers",
ISA,3,33-1021.00,First-Line Supervisors of Firefighting and Prevention Workers,Y
IRW,3,37-1012.00,"First-Line Supervisors of Landscaping, Lawn Service, and Groundskeeping Workers",Y
IWA,3,49-1011.00,"First-Line Supervisors of Mechanics, Installers, and Repairers",Y
ISA,3,51-1011.00,First-Line Supervisors of Production and Operating Workers,
IAW,3,19-4071.00,Forest and Conservation Technicians,Y
ISW,3,13-1032.00,"Insurance Appraisers, Auto Damage",
ISA,3,51-7031.00,"Model Makers, Wood",
ISW,3,49-3052.00,Motorcycle Mechanics,Y
IAW,3,49-9063.00,Musical Instrument Repairers and Tuners,
IRS,3,29-2081.00,"Opticians, Dispensing",Y
IRA,3,27-4021.00,Photographers,Y
IARc,3,33-9021.00,Private Detectives and Investigators,Y
IAR,3,41-9022.00,Real Estate Sales Agents,
ISR,3,53-5031.00,Ship Engineers,
IRA,3,27-4014.00,Sound Engineering Technicians,Y
IRA,3,11-9179.02,Spa Managers,Y
ISW,3,47-2022.00,Stonemasons,
ISR,3,53-6041.00,Traffic Technicians,Y
IAW,3,49-9064.00,Watch and Clock Repairers,
IWA,3,15-1254.00,Web Developers,Y
IAR,3,13-1022.00,"Wholesale and Retail Buyers, Except Farm Products",
IWA,4,17-2021.00,Agricultural Engineers,
ISW,4,53-2011.00,"Airline Pilots, Copilots, and Flight Engineers",
ISW,4,13-2023.00,Appraisers and Assessors of Real Estate,
IAW,4,27-1011.00,Art Directors,
IAW,4,17-2031.00,Bioengineers and Biomedical Engineers,Y
ISW,4,15-2099.01,Bioinformatics Technicians,Y
IWA,4,13-1021.00,"Buyers and Purchasing Agents, Farm Products",
IWRc,4,17-2051.00,Civil Engineers,Y
IAW,4,11-9121.01,Clinical Research Coordinators,Y
IRW,4,13-1051.00,Cost Estimators,
IARc,4,27-3041.00,Editors,
IRRc,4,11-9161.00,Emergency Management Directors,Y
IAW,4,11-9013.00,"Farmers, Ranchers, and Other Agricultural Managers",Y
IARc,4,27-4032.00,Film and Video Editors,Y
IRA,4,13-2061.00,Financial Examiners,Y
IWS,4,41-1012.00,First-Line Supervisors of Non-Retail Sales Workers,
ISA,4,33-3031.00,Fish and Game Wardens,
IWA,4,19-1032.00,Foresters,
IWA,4,13-2099.04,"Fraud Examiners, Investigators and Analysts",Y
IAW,4,19-3092.00,Geographers,
IRcA,4,17-2112.00,Industrial Engineers,Y
IWR,4,11-3051.00,Industrial Production Managers,
IRA,4,41-3021.00,Insurance Sales Agents,Y
IRS,4,13-2053.00,Insurance Underwriters,
IWA,4,17-1012.00,Landscape Architects,
IARc,4,13-1081.00,Logisticians,
IARc,4,17-2121.00,Marine Engineers and Naval Architects,
ISW,4,27-2012.05,Media Technical Directors/Managers,Y
IWR,4,11-9111.00,Medical and Health Services Managers,Y
IAW,4,13-1199.06,Online Merchants,Y
IARc,4,13-2052.00,Personal Financial Advisors,Y
IWA,4,17-2171.00,Petroleum Engineers,
IRcA,4,27-2012.00,Producers and Directors,Y
IAW,4,11-9141.00,"Property, Real Estate, and Community Association Managers",
IAW,4,27-3031.00,Public Relations Specialists,Y
ISW,4,17-2072.01,Radio Frequency Identification Device Specialists,
IAR,4,41-9021.00,Real Estate Brokers,
IWA,4,17-2199.08,Robotics Engineers,
IWA,4,11-2022.00,Sales Managers,Y
IAW,4,41-4011.00,"Sales Representatives, Wholesale and Manufacturing, Technical and Scientific Products",
IAW,4,19-4061.00,Social Science Research Assistants,Y
IAW,4,27-1014.00,Special Effects Artists and Animators,
IWS,4,11-3071.04,Supply Chain Managers,
IWA,4,27-3042.00,Technical Writers,Y
IAW,4,15-1255.01,Video Game Designers,Y
IWA,5,25-1061.00,"Anthropology and Archeology Teachers, Postsecondary",Y
IRcA,5,17-1011.00,"Architects, Except Landscape and Naval",Y
IARc,5,25-4011.00,Archivists,Y
IRW,5,25-1121.00,"Art, Drama, and Music Teachers, Postsecondary",Y
IARc,5,19-1029.01,Bioinformatics Scientists,Y
IAW,5,25-1111.00,"Criminal Justice and Law Enforcement Teachers, Postsecondary",Y
IAW,5,25-4012.00,Curators,Y
IAR,5,29-1021.00,"Dentists, General",Y
IAR,5,11-9033.00,"Education Administrators, Postsecondary",Y
IARc,5,13-2099.01,Financial Quantitative Analysts,Y
IRA,5,25-1124.00,"Foreign Language and Literature Teachers, Postsecondary",Y
IARc,5,25-1064.00,"Geography Teachers, Postsecondary",
IARc,5,19-2042.00,"Geoscientists, Except Hydrologists and Geographers",Y
IRA,5,23-1023.00,"Judges, Magistrate Judges, and Magistrates",Y
IWA,5,19-1029.02,Molecular and Cellular Biologists,
IWA,5,11-9121.00,Natural Sciences Managers,Y
IARc,5,29-1022.00,Oral and Maxillofacial Surgeons,
IARc,5,29-1023.00,Orthodontists,Y
IWR,5,29-1299.02,Orthoptists,Y
IRA,5,29-2091.00,Orthotists and Prosthetists,Y
IRA,5,29-1024.00,Prosthodontists,
IARc,5,15-2041.00,Statisticians,Y
IARc,5,19-3022.00,Survey Researchers,Y
ARcR,2,27-2021.00,Athletes and Sports Competitors,Y
IRcW,2,33-1012.00,First-Line Supervisors of Police and Detectives,Y
RRcW,2,41-9012.00,Models,Y
ARcI,2,53-1042.01,Recycling Coordinators,Y
RIRc,2,41-9011.00,Demonstrators and Product Promoters,Y
RIRc,2,13-1074.00,Farm Labor Contractors,Y
AIRc,2,27-2023.00,"Umpires, Referees, and Other Sports Officials",Y
RcAW,3,11-3051.02,Geothermal Production Managers,Y
IRcA,3,35-1011.00,Chefs and Head Cooks,Y
SRcI,3,19-4092.00,Forensic Science Technicians,Y
RIRc,3,11-3012.00,Administrative Services Managers,Y
SIRc,3,53-2012.00,Commercial Pilots,Y
AIRc,3,15-1299.08,Computer Systems Engineers/Architects,Y
AIRc,3,13-1041.08,Customs Brokers,Y
AWRc,3,11-3051.06,Hydroelectric Production Managers,Y
WARc,3,51-9071.00,Jewelers and Precious Stone and Metal Workers,Y
IARc,3,33-9021.00,Private Detectives and Investigators,Y
RSRc,3,29-1126.00,Respiratory Therapists,Y
AIRc,3,47-1011.03,Solar Energy Installation Managers,Y
AWRc,3,11-9199.09,Wind Energy Operations Managers,Y
RcAI,4,17-2041.00,Chemical Engineers,Y
RcWA,4,17-2072.00,"Electronics Engineers, Except Computer",Y
RcAI,4,17-2141.00,Mechanical Engineers,Y
RcAI,4,27-2012.03,Media Programming Directors,Y
RcAI,4,19-1022.00,Microbiologists,Y
RcAS,4,17-2161.00,Nuclear Engineers,Y
ARcI,4,27-3011.00,Broadcast Announcers and Radio Disc Jockeys,Y
RRcW,4,11-3121.00,Human Resources Managers,Y
IRcA,4,17-2112.00,Industrial Engineers,Y
ARcI,4,17-2199.05,Mechatronics Engineers,Y
ARcI,4,27-3023.00,"News Analysts, Reporters, and Journalists",Y
IRcA,4,27-2012.00,Producers and Directors,Y
ARcS,4,17-2051.01,Transportation Engineers,Y
ARcW,4,19-1023.00,Zoologists and Wildlife Biologists,Y
AIRc,4,13-2011.00,Accountants and Auditors,Y
AIRc,4,13-1011.00,"Agents and Business Managers of Artists, Performers, and Athletes",Y
AWRc,4,15-2051.01,Business Intelligence Analysts,Y
AIRc,4,29-2011.01,Cytogenetic Technologists,Y
WIRc,4,11-3031.00,Financial Managers,Y
RWRc,4,27-3091.00,Interpreters and Translators,Y
RARc,4,27-2042.00,Musicians and Singers,Y
RcAW,5,23-1021.00,"Administrative Law Judges, Adjudicators, and Hearing Officers",Y
RcIA,5,29-1229.01,Allergists and Immunologists,Y
RcAW,5,19-1021.00,Biochemists and Biophysicists,Y
RcIA,5,11-1011.00,Chief Executives,Y
RcAI,5,19-1029.03,Geneticists,Y
RcAI,5,23-1011.00,Lawyers,Y
RcSR,5,29-1051.00,Pharmacists,Y
RcWA,5,19-2012.00,Physicists,Y
RcAI,5,29-1229.05,Preventive Medicine Physicians,Y
IRcA,5,17-1011.00,"Architects, Except Landscape and Naval",Y
ARcI,5,19-1029.04,Biologists,Y
ARcI,5,19-1041.00,Epidemiologists,Y
ARcI,5,29-1216.00,General Internal Medicine Physicians,Y
ARcI,5,29-1229.02,Hospitalists,Y
ARcW,5,11-3031.03,Investment Fund Managers,Y
ARcI,5,19-1042.00,"Medical Scientists, Except Epidemiologists",Y
ARcW,5,29-1217.00,Neurologists,Y
ARcW,5,25-1054.00,"Physics Teachers, Postsecondary",Y
RSI,1,35-3023.01,Baristas,Y
RSI,1,47-2051.00,Cement Masons and Concrete Finishers,Y
RSI,1,35-2011.00,"Cooks, Fast Food",Y
RSI,1,35-9011.00,Dining Room and Cafeteria Attendants and Bartender Helpers,Y
RSI,1,35-9021.00,Dishwashers,Y
RAI,1,41-9091.00,"Door-to-Door Sales Workers, News and Street Vendors, and Related Workers",Y
RS,1,35-3023.00,Fast Food and Counter Workers,Y
RSW,1,47-3014.00,"Helpers--Painters, Paperhangers, Plasterers, and Stucco Masons",Y
RWS,1,37-3011.00,Landscaping and Groundskeeping Workers,Y
RSI,1,51-6011.00,Laundry and Dry-Cleaning Workers,Y
RSI,1,37-2012.00,Maids and Housekeeping Cleaners,Y
RSA,1,51-6021.00,"Pressers, Textile, Garment, and Related Materials",Y
SRW,1,47-5011.00,"Derrick Operators, Oil and Gas",Y
SRA,1,45-2092.00,"Farmworkers and Laborers, Crop, Nursery, and Greenhouse",Y
IRS,1,45-3031.00,Fishing and Hunting Workers,Y
IRW,1,47-2161.00,Plasterers and Stucco Masons,Y
SRW,1,47-5071.00,"Roustabouts, Oil and Gas",Y
SRI,1,47-4071.00,Septic Tank Servicers and Sewer Pipe Cleaners,Y
SRI,1,51-6031.00,Sewing Machine Operators,Y
RAI,2,27-2011.00,Actors,
RSI,2,53-3011.00,"Ambulance Drivers and Attendants, Except Emergency Medical Technicians",Y
RSI,2,39-2021.00,Animal Caretakers,Y
RIS,2,33-9011.00,Animal Control Workers,
RSI,2,39-6011.00,Baggage Porters and Bellhops,
RIS,2,35-3011.00,Bartenders,Y
RSA,2,43-3011.00,Bill and Account Collectors,
RSI,2,53-3052.00,"Bus Drivers, Transit and Intercity",Y
RIA,2,51-3021.00,Butchers and Meat Cutters,
RSA,2,51-7011.00,Cabinetmakers and Bench Carpenters,
RSI,2,43-5011.00,Cargo and Freight Agents,
RSI,2,47-2041.00,Carpet Installers,
RSA,2,41-2011.00,Cashiers,
RSI,2,39-9011.00,Childcare Workers,Y
RSI,2,53-7061.00,Cleaners of Vehicles and Equipment,
RSI,2,51-9192.00,"Cleaning, Washing, and Metal Pickling Equipment Operators and Tenders",
RSI,2,35-2012.00,"Cooks, Institution and Cafeteria",
RSI,2,43-4021.00,Correspondence Clerks,
RSW,2,39-3092.00,Costume Attendants,
RSI,2,41-2021.00,Counter and Rental Clerks,
RSI,2,43-5021.00,Couriers and Messengers,
RSI,2,43-4031.00,"Court, Municipal, and License Clerks",
RSI,2,33-9091.00,Crossing Guards and Flaggers,
RSI,2,43-4051.00,Customer Service Representatives,Y
RIRc,2,41-9011.00,Demonstrators and Product Promoters,
RIRc,2,13-1074.00,Farm Labor Contractors,
RSW,2,47-4031.00,Fence Erectors,
RSI,2,35-1012.00,First-Line Supervisors of Food Preparation and Serving Workers,Y
RIS,2,39-1013.00,First-Line Supervisors of Gambling Services Workers,
RSW,2,53-2031.00,Flight Attendants,
RSW,2,35-3041.00,"Food Servers, Nonrestaurant",
RSI,2,39-4021.00,Funeral Attendants,
RSI,2,39-3012.00,Gambling and Sports Book Writers and Runners,
RSI,2,43-3041.00,Gambling Cage Workers,
RSI,2,51-9195.04,"Glass Blowers, Molders, Benders, and Finishers",
RSI,2,47-3012.00,Helpers--Carpenters,
RSI,2,49-9098.00,"Helpers--Installation, Maintenance, and Repair Workers",
RSW,2,47-3016.00,Helpers--Roofers,
RSI,2,31-1121.00,Home Health Aides,
RSA,2,35-9031.00,"Hosts and Hostesses, Restaurant, Lounge, and Coffee Shop",
RSI,2,43-4081.00,"Hotel, Motel, and Resort Desk Clerks",
RSI,2,43-9041.00,Insurance Claims and Policy Processing Clerks,
RSW,2,53-7062.00,"Laborers and Freight, Stock, and Material Movers, Hand",Y
RSA,2,43-4121.00,"Library Assistants, Clerical",
RSA,2,33-9092.00,"Lifeguards, Ski Patrol, and Other Recreational Protective Service Workers",Y
RSI,2,39-3093.00,"Locker Room, Coatroom, and Dressing Room Attendants",
RSI,2,53-7063.00,Machine Feeders and Offbearers,
RSI,2,39-5092.00,Manicurists and Pedicurists,Y
RSW,2,43-6013.00,Medical Secretaries and Administrative Assistants,Y
RRcW,2,41-9012.00,Models,
RSI,2,51-9195.00,"Molders, Shapers, and Casters, Except Metal and Plastic",
RIA,2,39-9011.01,Nannies,
RSI,2,43-9061.00,"Office Clerks, General",Y
RSI,2,53-7064.00,"Packers and Packagers, Hand",
RIS,2,53-6021.00,Parking Attendants,
RIS,2,41-2022.00,Parts Salespersons,
RSA,2,53-6061.00,Passenger Attendants,
RSA,2,31-1122.00,Personal Care Aides,Y
RSI,2,31-9095.00,Pharmacy Aides,
RSA,2,31-2022.00,Physical Therapist Aides,Y
RIS,2,43-3061.00,Procurement Clerks,
RSI,2,31-1133.00,Psychiatric Aides,
RSA,2,43-5031.00,Public Safety Telecommunicators,Y
RSA,2,43-4171.00,Receptionists and Information Clerks,Y
RIS,2,43-4181.00,Reservation and Transportation Ticket Agents and Travel Clerks,
RSA,2,41-2031.00,Retail Salespersons,Y
RSW,2,49-9096.00,Riggers,
RSW,2,39-5093.00,Shampooers,
RSI,2,43-5071.00,"Shipping, Receiving, and Inventory Clerks",
RSA,2,51-6042.00,Shoe Machine Operators and Tenders,
RSI,2,53-7065.00,Stockers and Order Fillers,
RSI,2,43-2011.00,"Switchboard Operators, Including Answering Service",
RSW,2,47-2082.00,Tapers,
RSA,2,41-9041.00,Telemarketers,
RSI,2,43-2021.00,Telephone Operators,
RSI,2,43-3071.00,Tellers,
RIA,2,39-7012.00,Travel Guides,
RSI,2,39-3031.00,"Ushers, Lobby Attendants, and Ticket Takers",
RSW,2,31-9096.00,Veterinary Assistants and Laboratory Animal Caretakers,Y
RSA,2,35-3031.00,Waiters and Waitresses,Y
RSI,2,43-5111.00,"Weighers, Measurers, Checkers, and Samplers, Recordkeeping",
RSI,2,43-9022.00,Word Processors and Typists,
SRW,2,35-2021.00,Food Preparation Workers,Y
RSA,3,29-1141.01,Acute Care Nurses,Y
RIRc,3,11-3012.00,Administrative Services Managers,Y
RSW,3,19-4012.00,Agricultural Technicians,
RSI,3,33-3011.00,Bailiffs,
RAW,3,39-5011.00,Barbers,Y
RSI,3,43-3021.00,Billing and Posting Clerks,
RSI,3,43-4011.00,Brokerage Clerks,
RSI,3,29-2031.00,Cardiovascular Technologists and Technicians,
RWA,3,15-1232.00,Computer User Support Specialists,Y
RIS,3,39-6012.00,Concierges,
RSA,3,27-3092.00,Court Reporters and Simultaneous Captioners,Y
RSW,3,31-9091.00,Dental Assistants,Y
RSI,3,29-1292.00,Dental Hygienists,Y
RSA,3,29-2032.00,Diagnostic Medical Sonographers,Y
RSI,3,29-2051.00,Dietetic Technicians,
RSW,3,17-3024.00,Electro-Mechanical and Mechatronics Technologists and Technicians,
RSI,3,43-4061.00,"Eligibility Interviewers, Government Programs",
RSW,3,43-6011.00,Executive Secretaries and Executive Administrative Assistants,
RAI,3,39-9031.00,Exercise Trainers and Group Fitness Instructors,Y
RIS,3,39-1022.00,First-Line Supervisors of Personal Service Workers,
RAI,3,11-9171.00,Funeral Home Managers,
RIA,3,39-5012.00,"Hairdressers, Hairstylists, and Cosmetologists",
RWA,3,29-2092.00,Hearing Aid Specialists,
RSW,3,43-4161.00,"Human Resources Assistants, Except Payroll and Timekeeping",
RSI,3,43-4111.00,"Interviewers, Except Eligibility and Loan",
RSW,3,37-2011.00,"Janitors and Cleaners, Except Maids and Housekeeping Cleaners",Y
RSW,3,43-6012.00,Legal Secretaries and Administrative Assistants,
RSW,3,25-4031.00,Library Technicians,
RSA,3,29-2061.00,Licensed Practical and Licensed Vocational Nurses,Y
RSW,3,43-4131.00,Loan Interviewers and Clerks,Y
RWA,3,39-5091.00,"Makeup Artists, Theatrical and Performance",
RIA,3,31-9011.00,Massage Therapists,Y
RSW,3,51-9082.00,Medical Appliance Technicians,Y
RSA,3,31-9092.00,Medical Assistants,Y
RIA,3,27-1026.00,Merchandise Displayers and Window Trimmers,
RIA,3,39-4031.00,"Morticians, Undertakers, and Funeral Arrangers",
RSW,3,29-2033.00,Nuclear Medicine Technologists,
RSW,3,31-1131.00,Nursing Assistants,Y
RSA,3,19-5012.00,Occupational Health and Safety Technicians,Y
RSA,3,31-2012.00,Occupational Therapy Aides,
RAW,3,31-2011.00,Occupational Therapy Assistants,
RSA,3,29-2057.00,Ophthalmic Medical Technicians,Y
RSW,3,23-2011.00,Paralegals and Legal Assistants,Y
RSA,3,29-2099.08,Patient Representatives,
RSA,3,43-3051.00,Payroll and Timekeeping Clerks,
RSA,3,29-2052.00,Pharmacy Technicians,
RSW,3,31-2021.00,Physical Therapist Assistants,
RIS,3,47-2152.00,"Plumbers, Pipefitters, and Steamfitters",
RAI,3,25-2011.00,"Preschool Teachers, Except Special Education",
RSI,3,29-2053.00,Psychiatric Technicians,
RSA,3,29-1124.00,Radiation Therapists,
RSI,3,29-2034.00,Radiologic Technologists and Technicians,
RIS,3,39-9041.00,Residential Advisors,
RSRc,3,29-1126.00,Respiratory Therapists,
RIA,3,25-3021.00,Self-Enrichment Teachers,
RIA,3,39-5094.00,Skincare Specialists,
RSA,3,31-9099.01,Speech-Language Pathology Assistants,
RAS,3,29-9093.00,Surgical Assistants,Y
RIS,3,13-2082.00,Tax Preparers,
RSI,3,39-7011.00,Tour Guides and Escorts,
RSI,3,33-3052.00,Transit and Railroad Police,
RAI,3,41-3041.00,Travel Agents,
RIA,3,25-3041.00,Tutors,
RSW,3,29-2056.00,Veterinary Technologists and Technicians,Y
RIA,4,25-3011.00,"Adult Basic Education, Adult Secondary Education, and English as a Second Language Instructors",
RIW,4,41-3011.00,Advertising Sales Agents,
RAI,4,25-2023.00,"Career/Technical Education Teachers, Middle School",
RAI,4,25-2032.00,"Career/Technical Education Teachers, Secondary School",
RAI,4,21-1021.00,"Child, Family, and School Social Workers",Y
RAI,4,21-1094.00,Community Health Workers,
RSI,4,11-3111.00,Compensation and Benefits Managers,
RSA,4,13-1141.00,"Compensation, Benefits, and Job Analysis Specialists",
RSI,4,13-1041.00,Compliance Officers,
RWI,4,19-1031.00,Conservation Scientists,Y
RSI,4,13-2041.00,Credit Analysts,
RAI,4,13-2071.00,Credit Counselors,
RSA,4,29-1141.03,Critical Care Nurses,
RAI,4,21-2021.00,"Directors, Religious Activities and Education",
RAI,4,11-9031.00,"Education and Childcare Administrators, Preschool and Daycare",
RAI,4,25-2021.00,"Elementary School Teachers, Except Special Education",Y
RAW,4,13-1041.03,Equal Opportunity Representatives and Officers,Y
RAI,4,29-1128.00,Exercise Physiologists,
RIA,4,11-9179.01,Fitness and Wellness Coordinators,
RIW,4,11-1021.00,General and Operations Managers,Y
RIA,4,21-1091.00,Health Education Specialists,Y
RRcW,4,11-3121.00,Human Resources Managers,Y
RSA,4,13-1071.00,Human Resources Specialists,Y
RWRc,4,27-3091.00,Interpreters and Translators,Y
RAI,4,25-2012.00,"Kindergarten Teachers, Except Special Education",
RARc,4,11-1031.00,Legislators,Y
RIS,4,13-2072.00,Loan Officers,
RIA,4,11-9081.00,Lodging Managers,
RAI,4,13-1111.00,Management Analysts,Y
RIA,4,13-1121.00,"Meeting, Convention, and Event Planners",Y
RIA,4,25-2022.00,"Middle School Teachers, Except Special and Career/Technical Education",
RAI,4,29-1129.02,Music Therapists,Y
RARc,4,27-2042.00,Musicians and Singers,
RWA,4,19-1031.03,Park Naturalists,
RAS,4,43-9081.00,Proofreaders and Copy Markers,
RIS,4,39-9032.00,Recreation Workers,Y
RAI,4,29-1125.00,Recreational Therapists,Y
RSA,4,29-1141.00,Registered Nurses,Y
RAS,4,21-1015.00,Rehabilitation Counselors,Y
RAI,4,41-4012.00,"Sales Representatives, Wholesale and Manufacturing, Except Technical and Scientific Products",Y
RAW,4,25-2031.00,"Secondary School Teachers, Except Special and Career/Technical Education",
RIW,4,11-9151.00,Social and Community Service Managers,Y
RSI,4,21-1093.00,Social and Human Service Assistants,Y
RWA,4,25-2057.00,"Special Education Teachers, Middle School",
RAI,4,25-2058.00,"Special Education Teachers, Secondary School",
RIW,4,17-1022.00,Surveyors,
RWA,4,11-3131.00,Training and Development Managers,
RAI,4,13-1151.00,Training and Development Specialists,Y
RIW,4,11-3071.00,"Transportation, Storage, and Distribution Managers",
RAI,5,25-2059.01,Adapted Physical Education Specialists,Y
RWS,5,29-1141.02,Advanced Practice Psychiatric Nurses,Y
RAI,5,23-1022.00,"Arbitrators, Mediators, and Conciliators",Y
RAI,5,29-1129.01,Art Therapists,
RAI,5,29-9091.00,Athletic Trainers,Y
RAW,5,29-1181.00,Audiologists,
RIA,5,29-1011.00,Chiropractors,
RIA,5,19-3033.00,Clinical and Counseling Psychologists,
RIA,5,25-1122.00,"Communications Teachers, Postsecondary",
RIA,5,29-1031.00,Dietitians and Nutritionists,
RIW,5,11-9032.00,"Education Administrators, Kindergarten through Secondary",
RIA,5,25-1081.00,"Education Teachers, Postsecondary",Y
RAW,5,21-1012.00,"Educational, Guidance, and Career Counselors and Advisors",Y
RAW,5,25-1123.00,"English Language and Literature Teachers, Postsecondary",
RARc,5,29-1215.00,Family Medicine Physicians,Y
RIA,5,25-9021.00,Farm and Home Management Educators,
RARc,5,29-9092.00,Genetic Counselors,
RAI,5,21-1022.00,Healthcare Social Workers,Y
RIA,5,25-9031.00,Instructional Coordinators,Y
RWI,5,25-4022.00,Librarians and Media Collections Specialists,Y
RIA,5,29-1122.01,"Low Vision Therapists, Orientation and Mobility Specialists, and Vision Rehabilitation Therapists",Y
RIA,5,21-1013.00,Marriage and Family Therapists,
RAI,5,21-1023.00,Mental Health and Substance Abuse Social Workers,
RAI,5,21-1014.00,Mental Health Counselors,Y
RAI,5,29-9099.01,Midwives,
RAI,5,29-1299.01,Naturopathic Physicians,
RAI,5,29-1161.00,Nurse Midwives,
RAI,5,29-1171.00,Nurse Practitioners,Y
RWI,5,25-1072.00,"Nursing Instructors and Teachers, Postsecondary",
RAW,5,29-1122.00,Occupational Therapists,Y
RARc,5,29-1123.00,Physical Therapists,Y
RWA,5,29-1071.00,Physician Assistants,Y
RAI,5,25-1193.00,"Recreation and Fitness Studies Teachers, Postsecondary",
RIA,5,19-3034.00,School Psychologists,
RAI,5,25-1113.00,"Social Work Teachers, Postsecondary",
RAI,5,25-2051.00,"Special Education Teachers, Preschool",
RAI,5,29-1127.00,Speech-Language Pathologists,Y
RAI,5,21-1011.00,Substance Abuse and Behavioral Disorder Counselors,Y
RAW,5,19-3051.00,Urban and Regional Planners,Y
SIA,1,45-2091.00,Agricultural Equipment Operators,Y
SIR,1,39-3091.00,Amusement and Recreation Attendants,Y
SRI,1,53-7011.00,Conveyor Operators and Tenders,Y
SRI,1,51-9031.00,"Cutters and Trimmers, Hand",Y
SRW,1,47-5011.00,"Derrick Operators, Oil and Gas",Y
SIW,1,45-4021.00,Fallers,Y
SRA,1,45-2092.00,"Farmworkers and Laborers, Crop, Nursery, and Greenhouse",Y
SRW,1,47-2043.00,Floor Sanders and Finishers,Y
SWR,1,45-2041.00,"Graders and Sorters, Agricultural Products",Y
SIW,1,45-4022.00,Logging Equipment Operators,Y
SRW,1,51-3022.00,"Meat, Poultry, and Fish Cutters and Trimmers",Y
SIA,1,51-9123.00,"Painting, Coating, and Decorating Workers",Y
SRW,1,47-5051.00,"Rock Splitters, Quarry",Y
SRW,1,47-5071.00,"Roustabouts, Oil and Gas",Y
SRI,1,47-4071.00,Septic Tank Servicers and Sewer Pipe Cleaners,Y
SRI,1,51-6031.00,Sewing Machine Operators,Y
RSI,1,35-3023.01,Baristas,Y
RS,1,35-3023.00,Fast Food and Counter Workers,Y
SRA,2,51-9191.00,Adhesive Bonding Machine Operators and Tenders,
SRW,2,51-2011.00,"Aircraft Structure, Surfaces, Rigging, and Systems Assemblers",
SRI,2,53-6031.00,Automotive and Watercraft Service Attendants,
SRI,2,49-3021.00,Automotive Body and Related Repairers,
SRI,2,49-3022.00,Automotive Glass Installers and Repairers,
SWA,2,51-8099.01,Biofuels Processing Technicians,
SWA,2,51-8013.03,Biomass Plant Technicians,
SWI,2,47-2021.00,Brickmasons and Blockmasons,
SRW,2,53-6011.00,Bridge and Lock Tenders,
SIW,2,47-2031.00,Carpenters,
SIR,2,51-9011.00,Chemical Equipment Operators and Tenders,
SWI,2,51-8091.00,Chemical Plant and System Operators,
SRI,2,51-9124.00,"Coating, Painting, and Spraying Machine Setters, Operators, and Tenders",
SWI,2,51-2021.00,"Coil Winders, Tapers, and Finishers",
SIW,2,51-9161.00,Computer Numerically Controlled Tool Operators,
SRW,2,47-2061.00,Construction Laborers,Y
SRW,2,47-5041.00,Continuous Mining Machine Operators,
SRI,2,35-2014.00,"Cooks, Restaurant",Y
SIR,2,51-9193.00,Cooling and Freezing Equipment Operators and Tenders,
SRI,2,33-3012.00,Correctional Officers and Jailers,
SRI,2,43-4041.00,"Credit Authorizers, Checkers, and Clerks",
SRW,2,51-9021.00,"Crushing, Grinding, and Polishing Machine Setters, Operators, and Tenders",
SIR,2,51-9032.00,"Cutting and Slicing Machine Setters, Operators, and Tenders",
SRA,2,51-4031.00,"Cutting, Punching, and Press Machine Setters, Operators, and Tenders, Metal and Plastic",
SRW,2,43-9021.00,Data Entry Keyers,
SIW,2,51-9081.00,Dental Laboratory Technicians,Y
SIW,2,43-5032.00,"Dispatchers, Except Police, Fire, and Ambulance",
SRW,2,53-7031.00,Dredge Operators,
SRW,2,51-4032.00,"Drilling and Boring Machine Tool Setters, Operators, and Tenders, Metal and Plastic",
SIR,2,53-3031.00,Driver/Sales Workers,
SIW,2,47-2081.00,Drywall and Ceiling Tile Installers,
SIW,2,47-5023.00,"Earth Drillers, Except Oil and Gas",
SRI,2,51-2022.00,Electrical and Electronic Equipment Assemblers,
SIW,2,49-9051.00,Electrical Power-Line Installers and Repairers,
SRW,2,51-2023.00,Electromechanical Equipment Assemblers,
SRA,2,31-9099.02,Endoscopy Technicians,Y
SRI,2,51-2031.00,Engine and Other Machine Assemblers,
SIR,2,51-9194.00,Etchers and Engravers,
SIR,2,47-5022.00,"Excavating and Loading Machine and Dragline Operators, Surface Mining",
SIW,2,47-5032.00,"Explosives Workers, Ordnance Handling Experts, and Blasters",
SRI,2,51-4021.00,"Extruding and Drawing Machine Setters, Operators, and Tenders, Metal and Plastic",
SRI,2,51-6091.00,"Extruding and Forming Machine Setters, Operators, and Tenders, Synthetic and Glass Fibers",
SIR,2,51-9041.00,"Extruding, Forming, Pressing, and Compacting Machine Setters, Operators, and Tenders",
SRI,2,45-2093.00,"Farmworkers, Farm, Ranch, and Aquacultural Animals",
SRW,2,51-2051.00,Fiberglass Laminators and Fabricators,
SRI,2,43-4071.00,File Clerks,
SIW,2,47-2042.00,"Floor Layers, Except Carpet, Wood, and Hard Tiles",
SRW,2,51-3091.00,"Food and Tobacco Roasting, Baking, and Drying Machine Operators and Tenders",
SRW,2,51-3092.00,Food Batchmakers,
SRI,2,51-3093.00,Food Cooking Machine Operators and Tenders,
SRW,2,35-2021.00,Food Preparation Workers,Y
SRW,2,51-4022.00,"Forging Machine Setters, Operators, and Tenders, Metal and Plastic",
SRI,2,51-4071.00,Foundry Mold and Coremakers,
SRW,2,43-5011.01,Freight Forwarders,
SIR,2,51-9051.00,"Furnace, Kiln, Oven, Drier, and Kettle Operators and Tenders",
SRW,2,51-7021.00,Furniture Finishers,
SRI,2,41-2012.00,Gambling Change Persons and Booth Cashiers,
SRI,2,39-3011.00,Gambling Dealers,Y
SIW,2,53-7071.00,Gas Compressor and Gas Pumping Station Operators,
SIW,2,51-8092.00,Gas Plant Operators,
SAW,2,49-9099.01,Geothermal Technicians,
SRW,2,51-9022.00,"Grinding and Polishing Workers, Hand",Y
SRI,2,51-4033.00,"Grinding, Lapping, Polishing, and Buffing Machine Tool Setters, Operators, and Tenders, Metal and Plastic",
SRI,2,51-4191.00,"Heat Treating Equipment Setters, Operators, and Tenders, Metal and Plastic",
SIW,2,53-3032.00,Heavy and Tractor-Trailer Truck Drivers,Y
SRW,2,47-3011.00,"Helpers--Brickmasons, Blockmasons, Stonemasons, and Tile and Marble Setters",
SRW,2,47-3013.00,Helpers--Electricians,
SWR,2,47-5081.00,Helpers--Extraction Workers,
SRI,2,47-3015.00,"Helpers--Pipelayers, Plumbers, Pipefitters, and Steamfitters",
SRW,2,51-9198.00,Helpers--Production Workers,
SRW,2,47-4051.00,Highway Maintenance Workers,Y
SIR,2,53-7041.00,Hoist and Winch Operators,
SRI,2,53-7051.00,Industrial Truck and Tractor Operators,
SRW,2,51-9061.00,"Inspectors, Testers, Sorters, Samplers, and Weighers",
SIR,2,47-2131.00,"Insulation Workers, Floor, Ceiling, and Wall",
SIR,2,47-2132.00,"Insulation Workers, Mechanical",
SAI,2,51-4034.00,"Lathe and Turning Machine Tool Setters, Operators, and Tenders, Metal and Plastic",
SRI,2,51-4192.00,"Layout Workers, Metal and Plastic",
SIW,2,53-3033.00,Light Truck Drivers,Y
SWR,2,47-5044.00,"Loading and Moving Machine Operators, Underground Mining",
SWR,2,53-4011.00,Locomotive Engineers,
SRW,2,43-9051.00,"Mail Clerks and Mail Machine Operators, Except Postal Service",
SRI,2,49-9095.00,Manufactured Building and Mobile Home Installers,
SRW,2,31-9093.00,Medical Equipment Preparers,Y
SIW,2,51-4051.00,Metal-Refining Furnace Operators and Tenders,
SWI,2,51-4035.00,"Milling and Planing Machine Setters, Operators, and Tenders, Metal and Plastic",
SIW,2,49-9044.00,Millwrights,
SRI,2,51-9023.00,"Mixing and Blending Machine Setters, Operators, and Tenders",
SRI,2,51-4072.00,"Molding, Coremaking, and Casting Machine Setters, Operators, and Tenders, Metal and Plastic",
SIA,2,39-3021.00,Motion Picture Projectionists,
SRW,2,51-4081.00,"Multiple Machine Tool Setters, Operators, and Tenders, Metal and Plastic",
SIW,2,17-3029.01,Non-Destructive Testing Specialists,
SRI,2,43-9071.00,"Office Machine Operators, Except Computer",
SRW,2,47-2073.00,Operating Engineers and Other Construction Equipment Operators,
SIR,2,51-9083.00,Ophthalmic Laboratory Technicians,Y
SIW,2,43-4151.00,Order Clerks,
SRW,2,31-1132.00,Orderlies,
SRI,2,51-9111.00,Packaging and Filling Machine Operators and Tenders,
SIW,2,47-2141.00,"Painters, Construction and Maintenance",
SRI,2,51-9196.00,"Paper Goods Machine Setters, Operators, and Tenders",
SRW,2,47-2142.00,Paperhangers,
SRI,2,33-3041.00,Parking Enforcement Workers,
SRI,2,47-2071.00,"Paving, Surfacing, and Tamping Equipment Operators",Y
SIW,2,37-3012.00,"Pesticide Handlers, Sprayers, and Applicators, Vegetation",
SWI,2,51-8093.00,"Petroleum Pump System Operators, Refinery Operators, and Gaugers",
SIR,2,51-9151.00,Photographic Process Workers and Processing Machine Operators,
SRW,2,47-2072.00,Pile Driver Operators,
SRI,2,47-2151.00,Pipelayers,Y
SRW,2,51-4193.00,"Plating Machine Setters, Operators, and Tenders, Metal and Plastic",
SRW,2,43-5051.00,Postal Service Clerks,
SRW,2,43-5052.00,Postal Service Mail Carriers,
SRW,2,43-5053.00,"Postal Service Mail Sorters, Processors, and Processing Machine Operators",
SRI,2,51-4052.00,"Pourers and Casters, Metal",
SRI,2,51-8013.00,Power Plant Operators,
SIA,2,51-5113.00,Print Binding and Finishing Workers,
SAI,2,51-5112.00,Printing Press Operators,
SIR,2,53-7072.00,"Pump Operators, Except Wellhead Pumpers",
SWI,2,49-3043.00,Rail Car Repairers,
SRI,2,53-4013.00,"Rail Yard Engineers, Dinkey Operators, and Hostlers",
SRW,2,47-4061.00,Rail-Track Laying and Maintenance Equipment Operators,
SRW,2,53-4022.00,"Railroad Brake, Signal, and Switch Operators and Locomotive Firers",
SIW,2,53-4031.00,Railroad Conductors and Yardmasters,
SIW,2,49-3092.00,Recreational Vehicle Service Technicians,Y
SRW,2,53-7062.04,Recycling and Reclamation Workers,Y
SIR,2,49-9045.00,"Refractory Materials Repairers, Except Brickmasons",
SRW,2,53-7081.00,Refuse and Recyclable Material Collectors,
SRW,2,47-2171.00,Reinforcing Iron and Rebar Workers,
SRW,2,51-4023.00,"Rolling Machine Setters, Operators, and Tenders, Metal and Plastic",
SRW,2,47-5043.00,"Roof Bolters, Mining",
SIW,2,47-2181.00,Roofers,
SRW,2,47-5012.00,"Rotary Drill Operators, Oil and Gas",
SAR,2,53-5011.00,Sailors and Marine Oilers,
SIW,2,51-7041.00,"Sawing Machine Setters, Operators, and Tenders, Wood",
SRW,2,43-6014.00,"Secretaries and Administrative Assistants, Except Legal, Medical, and Executive",Y
SRI,2,33-9032.00,Security Guards,Y
SRI,2,47-4091.00,Segmental Pavers,
SRW,2,51-9141.00,Semiconductor Processing Technicians,
SWI,2,51-9012.00,"Separating, Filtering, Clarifying, Precipitating, and Still Machine Setters, Operators, and Tenders",
SRI,2,47-5013.00,"Service Unit Operators, Oil and Gas",Y
SIR,2,47-2211.00,Sheet Metal Workers,
SAI,2,51-6041.00,Shoe and Leather Workers and Repairers,
SRI,2,51-3023.00,Slaughterers and Meat Packers,
SAW,2,47-2231.00,Solar Photovoltaic Installers,Y
SAW,2,51-9195.03,"Stone Cutters and Carvers, Manufacturing",
SRW,2,47-2221.00,Structural Iron and Steel Workers,Y
SWR,2,51-2041.00,Structural Metal Fabricators and Fitters,
SRW,2,53-4041.00,Subway and Streetcar Operators,
SIR,2,53-7121.00,"Tank Car, Truck, and Ship Loaders",
SRW,2,51-2092.00,Team Assemblers,
SRI,2,49-9052.00,Telecommunications Line Installers and Repairers,
SRI,2,51-6061.00,Textile Bleaching and Dyeing Machine Operators and Tenders,
SRW,2,51-6062.00,"Textile Cutting Machine Setters, Operators, and Tenders",
SRW,2,51-6063.00,"Textile Knitting and Weaving Machine Setters, Operators, and Tenders",
SRI,2,51-6064.00,"Textile Winding, Twisting, and Drawing Out Machine Setters, Operators, and Tenders",
SWA,2,51-2061.00,Timing Device Assemblers and Adjusters,
SRI,2,51-9197.00,Tire Builders,
SRI,2,49-3093.00,Tire Repairers and Changers,
SAW,2,23-2093.00,"Title Examiners, Abstractors, and Searchers",
SIW,2,51-4194.00,"Tool Grinders, Filers, and Sharpeners",
SRI,2,33-9093.00,Transportation Security Screeners,
SWA,2,53-6051.07,"Transportation Vehicle, Equipment and Systems Inspectors, Except Aviation",
SRI,2,37-3013.00,Tree Trimmers and Pruners,Y
SAW,2,51-6093.00,Upholsterers,
SRW,2,47-4099.03,Weatherization Installers and Technicians,
SRW,2,51-4121.00,"Welders, Cutters, Solderers, and Brazers",
SRI,2,51-4122.00,"Welding, Soldering, and Brazing Machine Setters, Operators, and Tenders",
SRW,2,53-7073.00,Wellhead Pumpers,
SIW,2,51-7042.00,"Woodworking Machine Setters, Operators, and Tenders, Except Sawing",
SWA,3,17-3021.00,Aerospace Engineering and Operations Technologists and Technicians,Y
SIW,3,53-2021.00,Air Traffic Controllers,
SWR,3,49-3011.00,Aircraft Mechanics and Service Technicians,Y
SIW,3,53-2022.00,Airfield Operations Specialists,
SWA,3,17-3011.00,Architectural and Civil Drafters,
SRI,3,49-2097.00,Audiovisual Equipment Installers and Repairers,
SIR,3,49-3023.00,Automotive Service Technicians and Mechanics,
SIA,3,53-6051.01,Aviation Inspectors,
SRA,3,49-2091.00,Avionics Technicians,
SRI,3,47-2011.00,Boilermakers,
SRA,3,43-3031.00,"Bookkeeping, Accounting, and Auditing Clerks",Y
SAI,3,27-4012.00,Broadcast Technicians,
SRA,3,49-3031.00,Bus and Truck Mechanics and Diesel Engine Specialists,
SRI,3,27-4031.00,"Camera Operators, Television, Video, and Film",Y
SRW,3,19-4031.00,Chemical Technicians,
SIA,3,17-3022.00,Civil Engineering Technologists and Technicians,
SIW,3,49-9092.00,Commercial Divers,
SIRc,3,53-2012.00,Commercial Pilots,Y
SIR,3,51-9162.00,Computer Numerically Controlled Tool Programmers,Y
SIW,3,49-2011.00,"Computer, Automated Teller, and Office Machine Repairers",
SIW,3,47-4011.00,Construction and Building Inspectors,
SIW,3,49-9012.00,"Control and Valve Installers and Repairers, Except Mechanical Door",
SIW,3,53-7021.00,Crane and Tower Operators,
SWI,3,33-3051.04,Customs and Border Protection Officers,Y
SRW,3,49-2092.00,"Electric Motor, Power Tool, and Related Repairers",
SWI,3,17-3023.00,Electrical and Electronic Engineering Technologists and Technicians,
SRA,3,17-3012.00,Electrical and Electronics Drafters,
SWR,3,49-2093.00,"Electrical and Electronics Installers and Repairers, Transportation Equipment",
SWI,3,49-2094.00,"Electrical and Electronics Repairers, Commercial and Industrial Equipment",
SIW,3,49-2095.00,"Electrical and Electronics Repairers, Powerhouse, Substation, and Relay",
SIR,3,49-2096.00,"Electronic Equipment Installers and Repairers, Motor Vehicles",
SWI,3,47-4021.00,Elevator and Escalator Installers and Repairers,Y
SRW,3,51-6092.00,Fabric and Apparel Patternmakers,
SIA,3,49-3041.00,Farm Equipment Mechanics and Service Technicians,
SRA,3,33-2011.00,Firefighters,Y
SIA,3,33-1011.00,First-Line Supervisors of Correctional Officers,
SIR,3,53-1043.00,First-Line Supervisors of Material-Moving Machine and Vehicle Operators,Y
SIR,3,43-1011.00,First-Line Supervisors of Office and Administrative Support Workers,Y
SRA,3,19-4013.00,Food Science Technicians,
SRcI,3,19-4092.00,Forensic Science Technicians,Y
SIW,3,51-9071.06,Gem and Diamond Workers,
SIR,3,13-1041.04,Government Property Inspectors and Investigators,Y
SRI,3,47-4041.00,Hazardous Materials Removal Workers,
SIR,3,49-9021.00,"Heating, Air Conditioning, and Refrigeration Mechanics and Installers",
SWA,3,51-8013.04,Hydroelectric Plant Technicians,
SAI,3,17-3026.00,Industrial Engineering Technologists and Technicians,
SIW,3,49-9041.00,Industrial Machinery Mechanics,Y
SWI,3,51-4041.00,Machinists,
SIR,3,49-9071.00,"Maintenance and Repair Workers, General",Y
SIR,3,49-9043.00,"Maintenance Workers, Machinery",
SWA,3,17-3013.00,Mechanical Drafters,
SWR,3,17-3027.00,Mechanical Engineering Technologists and Technicians,
SRI,3,29-2012.00,Medical and Clinical Laboratory Technicians,Y
SIR,3,49-9062.00,Medical Equipment Repairers,
SRA,3,31-9094.00,Medical Transcriptionists,
SIR,3,49-3042.00,"Mobile Heavy Equipment Mechanics, Except Engines",
SWA,3,51-4061.00,"Model Makers, Metal and Plastic",
SIW,3,49-3051.00,Motorboat Mechanics and Service Technicians,
SRI,3,29-2099.01,Neurodiagnostic Technologists,
SRI,3,43-4141.00,New Accounts Clerks,
SRI,3,19-4051.02,Nuclear Monitoring Technicians,
SWA,3,51-8011.00,Nuclear Power Reactor Operators,
SWR,3,19-4051.00,Nuclear Technicians,
SIR,3,51-4062.00,"Patternmakers, Metal and Plastic",
SRI,3,51-7032.00,"Patternmakers, Wood",
SAR,3,31-9097.00,Phlebotomists,Y
SRA,3,33-3021.02,Police Identification and Records Officers,
SIW,3,51-8012.00,Power Distributors and Dispatchers,
SIR,3,51-5111.00,Prepress Technicians and Workers,
SIW,3,19-4099.01,Quality Control Analysts,Y
SWA,3,17-3024.01,Robotics Technicians,
SRI,3,49-2098.00,Security and Fire Alarm Systems Installers,Y
SIW,3,49-9097.00,Signal and Track Switch Repairers,
SAW,3,47-2152.04,Solar Thermal Installers and Technicians,
SRW,3,51-8021.00,Stationary Engineers and Boiler Operators,
SRA,3,29-2055.00,Surgical Technologists,Y
SIR,3,17-3031.00,Surveying and Mapping Technicians,
SIW,3,49-2022.00,"Telecommunications Equipment Installers and Repairers, Except Line Installers",
SWI,3,51-4111.00,Tool and Die Makers,
SIA,3,51-8031.00,Water and Wastewater Treatment Plant and System Operators,
SAW,3,49-9081.00,Wind Turbine Service Technicians,Y
SAW,4,19-4021.00,Biological Technicians,Y
SIW,4,13-1031.00,"Claims Adjusters, Examiners, and Investigators",Y
SWA,4,17-3025.00,Environmental Engineering Technologists and Technicians,Y
SRI,4,19-4043.00,"Geological Technicians, Except Hydrologic Technicians",Y
SWI,4,17-2131.00,Materials Engineers,Y
SIA,4,29-2011.00,Medical and Clinical Laboratory Technologists,Y
SWA,4,19-5011.00,Occupational Health and Safety Specialists,Y
SRW,4,21-1092.00,Probation Officers and Correctional Treatment Specialists,Y
SAI,4,11-3051.01,Quality Control Systems Managers,Y
SWA,4,19-4099.03,Remote Sensing Technicians,Y
SAW,4,43-9111.00,Statistical Assistants,Y
SWR,4,53-6051.00,Transportation Inspectors,Y
WSA,4,11-3021.00,Computer and Information Systems Managers,Y
ASW,4,15-1231.00,Computer Network Support Specialists,Y
RSA,4,29-1141.03,Critical Care Nurses,Y
ASW,4,15-1299.03,Document Management Specialists,Y
RSA,4,13-1071.00,Human Resources Specialists,Y
WSI,4,17-2112.03,Manufacturing Engineers,Y
RSI,4,21-1093.00,Social and Human Service Assistants,Y
SRA,5,29-1071.01,Anesthesiologist Assistants,Y
SRA,5,29-1141.04,Clinical Nurse Specialists,Y
SRA,5,29-1151.00,Nurse Anesthetists,Y
RcSR,5,29-1051.00,Pharmacists,Y
RWS,5,29-1141.02,Advanced Practice Psychiatric Nurses,Y
AWS,5,23-1012.00,Judicial Law Clerks,Y
AIS,5,25-9044.00,"Teaching Assistants, Postsecondary",Y
