CSR,1,39-3091.00,Amusement and Recreation Attendants,Y
RCS,1,35-3023.01,Baristas,Y
RCS,1,35-9011.00,Dining Room and Cafeteria Attendants and Bartender Helpers,Y
SCA,2,39-9011.00,Childcare Workers,Y
SRC,2,31-1121.00,Home Health Aides,Y
SEC,2,35-9031.00,"Hosts and Hostesses, Restaurant, Lounge, and Coffee Shop",Y
SA,2,39-9011.01,Nannies,Y
SCR,2,31-1122.00,Personal Care Aides,Y
SRC,2,31-2022.00,Physical Therapist Aides,Y
SIC,2,31-1133.00,Psychiatric Aides,Y
SCR,2,33-9094.00,School Bus Monitors,Y
SEC,2,39-7012.00,Travel Guides,Y
SCE,2,39-3031.00,"Ushers, Lobby Attendants, and Ticket Takers",Y
SCE,2,35-3031.00,Waiters and Waitresses,Y
RSC,2,39-2021.00,Animal Caretakers,Y
RS,2,39-2011.00,Animal Trainers,Y
RSC,2,35-3041.00,"Food Servers, Nonrestaurant",Y
RSC,2,39-4021.00,Funeral Attendants,Y
CSE,2,43-4081.00,"Hotel, Motel, and Resort Desk Clerks",Y
RSC,2,33-9092.00,"Lifeguards, Ski Patrol, and Other Recreational Protective Service Workers",Y
CS,2,43-6013.00,Medical Secretaries and Administrative Assistants,Y
CSR,2,53-6061.00,Passenger Attendants,Y
RSC,2,39-5093.00,Shampooers,Y
SIR,3,29-1141.01,Acute Care Nurses,Y
SI,3,25-1194.00,"Career/Technical Education Teachers, Postsecondary",
SEC,3,39-6012.00,Concierges,Y
SRI,3,29-1292.00,Dental Hygienists,Y
SRC,3,29-2051.00,Dietetic Technicians,
SRI,3,29-2042.00,Emergency Medical Technicians,Y
SR,3,39-9031.00,Exercise Trainers and Group Fitness Instructors,Y
SIC,3,29-2092.00,Hearing Aid Specialists,Y
SRC,3,29-2061.00,Licensed Practical and Licensed Vocational Nurses,Y
SRI,3,31-9011.00,Massage Therapists,Y
SRC,3,31-1131.00,Nursing Assistants,Y
SRC,3,31-2012.00,Occupational Therapy Aides,Y
SCR,3,31-2011.00,Occupational Therapy Assistants,Y
SRI,3,29-2043.00,Paramedics,Y
SIC,3,29-2099.08,Patient Representatives,Y
SRC,3,31-2021.00,Physical Therapist Assistants,Y
SA,3,25-2011.00,"Preschool Teachers, Except Special Education",Y
SI,3,29-2053.00,Psychiatric Technicians,Y
SCE,3,39-9041.00,Residential Advisors,Y
SRI,3,29-1126.00,Respiratory Therapists,Y
SA,3,25-3021.00,Self-Enrichment Teachers,
SCI,3,31-9099.01,Speech-Language Pathology Assistants,Y
SC,3,25-9042.00,"Teaching Assistants, Preschool, Elementary, Middle, and Secondary School, Except Special Education",
SC,3,25-9043.00,"Teaching Assistants, Special Education",
SE,3,39-7011.00,Tour Guides and Escorts,Y
S,3,25-3041.00,Tutors,
S,4,25-3011.00,"Adult Basic Education, Adult Secondary Education, and English as a Second Language Instructors",
S,4,25-2023.00,"Career/Technical Education Teachers, Middle School",
S,4,25-2032.00,"Career/Technical Education Teachers, Secondary School",Y
S,4,21-1021.00,"Child, Family, and School Social Workers",Y
SER,4,27-2022.00,Coaches and Scouts,Y
S,4,21-1094.00,Community Health Workers,Y
SIR,4,29-1141.03,Critical Care Nurses,Y
SE,4,21-2021.00,"Directors, Religious Activities and Education",Y
SEC,4,11-9031.00,"Education and Childcare Administrators, Preschool and Daycare",Y
SA,4,25-2021.00,"Elementary School Teachers, Except Special Education",Y
SE,4,11-9179.01,Fitness and Wellness Coordinators,Y
SIC,4,21-1091.00,Health Education Specialists,Y
SA,4,25-2012.00,"Kindergarten Teachers, Except Special Education",
SA,4,25-2022.00,"Middle School Teachers, Except Special and Career/Technical Education",Y
SAI,4,29-1129.02,Music Therapists,Y
SIR,4,19-1031.03,Park Naturalists,Y
SCE,4,21-1092.00,Probation Officers and Correctional Treatment Specialists,Y
SER,4,39-9032.00,Recreation Workers,Y
SI,4,29-1125.00,Recreational Therapists,Y
SIC,4,29-1141.00,Registered Nurses,Y
S,4,21-1015.00,Rehabilitation Counselors,
S,4,25-2031.00,"Secondary School Teachers, Except Special and Career/Technical Education",
SCE,4,21-1093.00,Social and Human Service Assistants,Y
SI,4,25-2056.00,"Special Education Teachers, Elementary School",
S,4,25-2055.00,"Special Education Teachers, Kindergarten",
SIA,4,25-2057.00,"Special Education Teachers, Middle School",
SI,4,25-2058.00,"Special Education Teachers, Secondary School",Y
SC,4,25-3031.00,"Substitute Teachers, Short-Term",
SCI,4,13-1151.00,Training and Development Specialists,Y
SIR,5,29-1291.00,Acupuncturists,Y
SR,5,25-2059.01,Adapted Physical Education Specialists,
SI,5,25-1041.00,"Agricultural Sciences Teachers, Postsecondary",Y
SCI,5,29-1071.01,Anesthesiologist Assistants,
SI,5,25-1061.00,"Anthropology and Archeology Teachers, Postsecondary",
SIA,5,25-1031.00,"Architecture Teachers, Postsecondary",
SI,5,25-1062.00,"Area, Ethnic, and Cultural Studies Teachers, Postsecondary",
SA,5,29-1129.01,Art Therapists,
SA,5,25-1121.00,"Art, Drama, and Music Teachers, Postsecondary",
SRI,5,29-9091.00,Athletic Trainers,Y
SI,5,25-1051.00,"Atmospheric, Earth, Marine, and Space Sciences Teachers, Postsecondary",
SI,5,25-1042.00,"Biological Science Teachers, Postsecondary",Y
SI,5,25-1011.00,"Business Teachers, Postsecondary",Y
SRI,5,29-1011.00,Chiropractors,
SE,5,21-2011.00,Clergy,
SI,5,19-3033.00,Clinical and Counseling Psychologists,Y
SIC,5,29-1141.04,Clinical Nurse Specialists,Y
SI,5,25-1122.00,"Communications Teachers, Postsecondary",
SIC,5,25-1021.00,"Computer Science Teachers, Postsecondary",
SI,5,25-1111.00,"Criminal Justice and Law Enforcement Teachers, Postsecondary",
SI,5,29-1031.00,Dietitians and Nutritionists,Y
SI,5,25-1063.00,"Economics Teachers, Postsecondary",
SEC,5,11-9032.00,"Education Administrators, Kindergarten through Secondary",
SEC,5,11-9033.00,"Education Administrators, Postsecondary",
SI,5,25-1081.00,"Education Teachers, Postsecondary",
SE,5,21-1012.00,"Educational, Guidance, and Career Counselors and Advisors",Y
SIR,5,25-1032.00,"Engineering Teachers, Postsecondary",Y
SIA,5,25-1123.00,"English Language and Literature Teachers, Postsecondary",
SI,5,25-1053.00,"Environmental Science Teachers, Postsecondary",
SI,5,25-1192.00,"Family and Consumer Sciences Teachers, Postsecondary",
SI,5,29-1215.00,Family Medicine Physicians,
SIR,5,25-9021.00,Farm and Home Management Educators,
SI,5,25-1124.00,"Foreign Language and Literature Teachers, Postsecondary",
SI,5,25-1043.00,"Forestry and Conservation Science Teachers, Postsecondary",
SI,5,25-1064.00,"Geography Teachers, Postsecondary",
SI,5,25-1071.00,"Health Specialties Teachers, Postsecondary",Y
SI,5,21-1022.00,Healthcare Social Workers,Y
SI,5,25-1125.00,"History Teachers, Postsecondary",
SIC,5,29-1229.02,Hospitalists,
SEC,5,25-9031.00,Instructional Coordinators,
SI,5,25-1112.00,"Law Teachers, Postsecondary",
SI,5,25-1082.00,"Library Science Teachers, Postsecondary",
SRI,5,29-1122.01,"Low Vision Therapists, Orientation and Mobility Specialists, and Vision Rehabilitation Therapists",
SI,5,21-1013.00,Marriage and Family Therapists,Y
SIC,5,25-1022.00,"Mathematical Science Teachers, Postsecondary",
SI,5,21-1023.00,Mental Health and Substance Abuse Social Workers,
SI,5,21-1014.00,Mental Health Counselors,
SIR,5,29-9099.01,Midwives,Y
SRI,5,29-1151.00,Nurse Anesthetists,Y
SI,5,29-1161.00,Nurse Midwives,
SI,5,25-1072.00,"Nursing Instructors and Teachers, Postsecondary",
SI,5,29-1122.00,Occupational Therapists,Y
SI,5,29-1221.00,"Pediatricians, General",
SI,5,25-1126.00,"Philosophy and Religion Teachers, Postsecondary",
SIR,5,29-1123.00,Physical Therapists,Y
SIC,5,29-1071.00,Physician Assistants,Y
SI,5,25-1054.00,"Physics Teachers, Postsecondary",
SI,5,25-1065.00,"Political Science Teachers, Postsecondary",
SI,5,25-1066.00,"Psychology Teachers, Postsecondary",
SI,5,25-1193.00,"Recreation and Fitness Studies Teachers, Postsecondary",
SIC,5,19-3034.00,School Psychologists,
SI,5,25-1113.00,"Social Work Teachers, Postsecondary",
SI,5,25-1067.00,"Sociology Teachers, Postsecondary",
SA,5,25-2051.00,"Special Education Teachers, Preschool",
SIC,5,29-1127.00,Speech-Language Pathologists,Y
SIC,5,21-1011.00,Substance Abuse and Behavioral Disorder Counselors,Y
SC,5,25-9044.00,"Teaching Assistants, Postsecondary",
RAC,1,51-9123.00,"Painting, Coating, and Decorating Workers",Y
RCA,1,51-6051.00,"Sewers, Hand",Y
ASE,2,27-2011.00,Actors,Y
ACR,2,39-3092.00,Costume Attendants,Y
AEC,2,27-2091.00,"Disc Jockeys, Except Radio",Y
ARE,2,41-9012.00,Models,Y
RAC,2,27-1023.00,Floral Designers,Y
SA,2,39-9011.01,Nannies,Y
RA,2,51-6041.00,Shoe and Leather Workers and Repairers,Y
RAC,2,51-9195.03,"Stone Cutters and Carvers, Manufacturing",Y
RA,2,51-6052.00,"Tailors, Dressmakers, and Custom Sewers",Y
RAC,2,51-6093.00,Upholsterers,Y
SCA,2,39-9011.00,Childcare Workers,Y
RCA,2,51-9194.00,Etchers and Engravers,Y
RCA,2,51-7021.00,Furniture Finishers,Y
RCA,2,47-2142.00,Paperhangers,Y
RCA,2,51-9151.00,Photographic Process Workers and Processing Machine Operators,Y
ARC,3,27-4031.00,"Camera Operators, Television, Video, and Film",Y
AS,3,27-2032.00,Choreographers,Y
AR,3,27-1012.00,Craft Artists,Y
ARS,3,27-2031.00,Dancers,Y
ARE,3,27-1022.00,Fashion Designers,Y
AR,3,27-1013.00,"Fine Artists, Including Painters, Sculptors, and Illustrators",Y
AR,3,39-5091.00,"Makeup Artists, Theatrical and Performance",Y
ARE,3,27-1026.00,Merchandise Displayers and Window Trimmers,Y
CA,3,43-9031.00,Desktop Publishers,Y
RAC,3,51-6092.00,Fabric and Apparel Patternmakers,Y
RAC,3,51-9071.00,Jewelers and Precious Stone and Metal Workers,Y
RAC,3,49-9063.00,Musical Instrument Repairers and Tuners,Y
RA,3,27-4021.00,Photographers,Y
SA,3,25-2011.00,"Preschool Teachers, Except Special Education",Y
SA,3,25-3021.00,Self-Enrichment Teachers,Y
RAC,3,27-4014.00,Sound Engineering Technicians,Y
RCA,3,17-3011.00,Architectural and Civil Drafters,Y
RCA,3,51-7031.00,"Model Makers, Wood",Y
RCA,3,51-4062.00,"Patternmakers, Metal and Plastic",Y
RCA,3,51-7032.00,"Patternmakers, Wood",Y
AE,4,27-1011.00,Art Directors,Y
AES,4,27-3011.00,Broadcast Announcers and Radio Disc Jockeys,Y
ARI,4,27-1021.00,Commercial and Industrial Designers,Y
ACE,4,27-3041.00,Editors,Y
AC,4,27-4032.00,Film and Video Editors,Y
A,4,27-1024.00,Graphic Designers,Y
AR,4,27-1025.00,Interior Designers,Y
AE,4,27-2041.00,Music Directors and Composers,Y
AE,4,27-2042.00,Musicians and Singers,Y
AIE,4,27-3023.00,"News Analysts, Reporters, and Journalists",Y
AI,4,27-3043.05,"Poets, Lyricists and Creative Writers",Y
AE,4,27-2012.00,Producers and Directors,Y
AR,4,27-1014.00,Special Effects Artists and Animators,Y
AIE,4,15-1255.01,Video Game Designers,Y
AE,4,27-3043.00,Writers and Authors,Y
SA,4,25-2012.00,"Kindergarten Teachers, Except Special Education",Y
SAI,4,29-1129.02,Music Therapists,Y
EAS,4,27-2012.04,Talent Directors,Y
IAC,4,15-1255.00,Web and Digital Interface Designers,Y
A,5,27-1027.00,Set and Exhibit Designers,Y
RAI,5,17-1011.00,"Architects, Except Landscape and Naval",Y
SA,5,29-1129.01,Art Therapists,Y
SA,5,25-1121.00,"Art, Drama, and Music Teachers, Postsecondary",Y
IA,5,19-3094.00,Political Scientists,Y
SA,5,25-2051.00,"Special Education Teachers, Preschool",Y
SIA,5,25-1031.00,"Architecture Teachers, Postsecondary",Y
SIA,5,25-1123.00,"English Language and Literature Teachers, Postsecondary",Y
ISA,5,19-3041.00,Sociologists,Y
CSR,1,39-3091.00,Amusement and Recreation Attendants,Y
RC,1,45-2091.00,Agricultural Equipment Operators,Y
RCS,1,35-3023.01,Baristas,Y
RC,1,53-7011.00,Conveyor Operators and Tenders,Y
RCE,1,35-2011.00,"Cooks, Fast Food",Y
RC,1,47-5011.00,"Derrick Operators, Oil and Gas",Y
RCS,1,35-9011.00,Dining Room and Cafeteria Attendants and Bartender Helpers,Y
RC,1,35-9021.00,Dishwashers,Y
RC,1,45-4021.00,Fallers,Y
RCE,1,35-3023.00,Fast Food and Counter Workers,Y
RC,1,45-3031.00,Fishing and Hunting Workers,Y
RC,1,45-2041.00,"Graders and Sorters, Agricultural Products",Y
RC,1,37-3011.00,Landscaping and Groundskeeping Workers,Y
RC,1,51-6011.00,Laundry and Dry-Cleaning Workers,Y
RC,1,37-2012.00,Maids and Housekeeping Cleaners,Y
RC,1,51-3022.00,"Meat, Poultry, and Fish Cutters and Trimmers",Y
RC,1,47-2161.00,Plasterers and Stucco Masons,Y
RC,1,47-4071.00,Septic Tank Servicers and Sewer Pipe Cleaners,Y
RC,1,51-6031.00,Sewing Machine Operators,Y
CES,2,43-3011.00,Bill and Account Collectors,
CE,2,43-5011.00,Cargo and Freight Agents,Y
CE,2,41-2011.00,Cashiers,Y
CE,2,43-4021.00,Correspondence Clerks,
CES,2,41-2021.00,Counter and Rental Clerks,
CRS,2,43-5021.00,Couriers and Messengers,
CES,2,43-4031.00,"Court, Municipal, and License Clerks",
CES,2,43-4041.00,"Credit Authorizers, Checkers, and Clerks",
CES,2,43-4051.00,Customer Service Representatives,Y
CR,2,43-9021.00,Data Entry Keyers,
CR,2,43-5032.00,"Dispatchers, Except Police, Fire, and Ambulance",
C,2,43-4071.00,File Clerks,
CRS,2,53-2031.00,Flight Attendants,Y
CER,2,43-5011.01,Freight Forwarders,Y
CE,2,39-3012.00,Gambling and Sports Book Writers and Runners,
CE,2,43-3041.00,Gambling Cage Workers,
CE,2,41-2012.00,Gambling Change Persons and Booth Cashiers,
CER,2,39-3011.00,Gambling Dealers,Y
CER,2,33-9031.00,Gambling Surveillance Officers and Gambling Investigators,
CSE,2,43-4081.00,"Hotel, Motel, and Resort Desk Clerks",Y
CE,2,43-9041.00,Insurance Claims and Policy Processing Clerks,
CS,2,43-4121.00,"Library Assistants, Clerical",
CRS,2,39-3093.00,"Locker Room, Coatroom, and Dressing Room Attendants",Y
CR,2,45-4023.00,Log Graders and Scalers,
CR,2,43-9051.00,"Mail Clerks and Mail Machine Operators, Except Postal Service",
CS,2,43-6013.00,Medical Secretaries and Administrative Assistants,Y
CR,2,43-5041.00,"Meter Readers, Utilities",
C,2,43-9061.00,"Office Clerks, General",Y
CR,2,43-9071.00,"Office Machine Operators, Except Computer",
CE,2,43-4151.00,Order Clerks,
CR,2,53-7064.00,"Packers and Packagers, Hand",
CRE,2,41-2022.00,Parts Salespersons,
CSR,2,53-6061.00,Passenger Attendants,
CER,2,31-9095.00,Pharmacy Aides,Y
CR,2,43-5051.00,Postal Service Clerks,
CR,2,43-5052.00,Postal Service Mail Carriers,
CR,2,43-5053.00,"Postal Service Mail Sorters, Processors, and Processing Machine Operators",
CR,2,51-5112.00,Printing Press Operators,
CE,2,43-3061.00,Procurement Clerks,
CE,2,43-5061.00,"Production, Planning, and Expediting Clerks",Y
CRS,2,43-5031.00,Public Safety Telecommunicators,Y
CES,2,43-4171.00,Receptionists and Information Clerks,Y
CSE,2,43-4181.00,Reservation and Transportation Ticket Agents and Travel Clerks,
CER,2,33-9099.02,Retail Loss Prevention Specialists,Y
CES,2,43-6014.00,"Secretaries and Administrative Assistants, Except Legal, Medical, and Executive",Y
CRE,2,43-5071.00,"Shipping, Receiving, and Inventory Clerks",
CRE,2,53-7065.00,Stockers and Order Fillers,Y
CRE,2,43-2011.00,"Switchboard Operators, Including Answering Service",
CSE,2,43-2021.00,Telephone Operators,
CE,2,43-3071.00,Tellers,Y
CE,2,23-2093.00,"Title Examiners, Abstractors, and Searchers",Y
CR,2,33-9093.00,Transportation Security Screeners,Y
CR,2,43-5111.00,"Weighers, Measurers, Checkers, and Samplers, Recordkeeping",
C,2,43-9022.00,Word Processors and Typists,
RC,2,35-2021.00,Food Preparation Workers,Y
CRE,3,53-2021.00,Air Traffic Controllers,
CRE,3,53-2022.00,Airfield Operations Specialists,Y
CRI,3,53-6051.01,Aviation Inspectors,
C,3,43-3021.00,Billing and Posting Clerks,
CE,3,43-3031.00,"Bookkeeping, Accounting, and Auditing Clerks",Y
CR,3,27-4012.00,Broadcast Technicians,
CE,3,43-4011.00,Brokerage Clerks,
CRI,3,51-9162.00,Computer Numerically Controlled Tool Programmers,Y
CRI,3,15-1232.00,Computer User Support Specialists,Y
C,3,27-3092.00,Court Reporters and Simultaneous Captioners,
CER,3,33-3051.04,Customs and Border Protection Officers,
CE,3,13-1041.08,Customs Brokers,Y
CRS,3,31-9091.00,Dental Assistants,Y
CA,3,43-9031.00,Desktop Publishers,
CSE,3,43-4061.00,"Eligibility Interviewers, Government Programs",
CRI,3,47-4011.01,Energy Auditors,Y
CES,3,43-6011.00,Executive Secretaries and Executive Administrative Assistants,
CIR,3,15-1299.02,Geographic Information Systems Technologists and Technicians,Y
CE,3,13-1041.04,Government Property Inspectors and Investigators,Y
CIS,3,29-9021.00,Health Information Technologists and Medical Registrars,Y
CES,3,43-4161.00,"Human Resources Assistants, Except Payroll and Timekeeping",
CRE,3,13-1032.00,"Insurance Appraisers, Auto Damage",
CSE,3,43-4111.00,"Interviewers, Except Eligibility and Loan",
CE,3,43-6012.00,Legal Secretaries and Administrative Assistants,
CS,3,25-4031.00,Library Technicians,
CES,3,43-4131.00,Loan Interviewers and Clerks,
CSR,3,31-9092.00,Medical Assistants,Y
CI,3,29-2072.00,Medical Records Specialists,Y
CSI,3,31-9094.00,Medical Transcriptionists,
CES,3,39-4031.00,"Morticians, Undertakers, and Funeral Arrangers",
CES,3,43-4141.00,New Accounts Clerks,
CR,3,29-2081.00,"Opticians, Dispensing",Y
CIE,3,23-2011.00,Paralegals and Legal Assistants,Y
CE,3,43-3051.00,Payroll and Timekeeping Clerks,
CR,3,29-2052.00,Pharmacy Technicians,Y
CRI,3,33-3021.02,Police Identification and Records Officers,Y
CR,3,51-5111.00,Prepress Technicians and Workers,
CEI,3,33-9021.00,Private Detectives and Investigators,Y
CIR,3,19-4099.01,Quality Control Analysts,
CE,3,13-2081.00,"Tax Examiners and Collectors, and Revenue Agents",
CE,3,13-2082.00,Tax Preparers,Y
CRI,3,15-1241.01,Telecommunications Engineering Specialists,Y
CI,3,15-1254.00,Web Developers,Y
CEI,4,13-2011.00,Accountants and Auditors,Y
CIE,4,15-2011.00,Actuaries,
CE,4,13-2023.00,Appraisers and Assessors of Real Estate,Y
CER,4,13-2022.00,Appraisers of Personal and Business Property,
CRE,4,11-3051.04,Biomass Power Plant Managers,
CI,4,15-1299.07,Blockchain Engineers,Y
CER,4,11-9199.11,Brownfield Redevelopment Specialists and Site Managers,
CEI,4,13-2031.00,Budget Analysts,
CIE,4,15-2051.01,Business Intelligence Analysts,Y
CIR,4,17-1021.00,Cartographers and Photogrammetrists,
CEI,4,13-1031.00,"Claims Adjusters, Examiners, and Investigators",
CI,4,15-2051.02,Clinical Data Managers,Y
CEI,4,13-1141.00,"Compensation, Benefits, and Job Analysis Specialists",Y
CE,4,11-9199.02,Compliance Managers,
CE,4,13-1041.00,Compliance Officers,Y
CEI,4,11-3021.00,Computer and Information Systems Managers,Y
CIR,4,15-1231.00,Computer Network Support Specialists,
CI,4,15-1251.00,Computer Programmers,
CE,4,13-1051.00,Cost Estimators,
CEI,4,13-2041.00,Credit Analysts,
CSE,4,13-2071.00,Credit Counselors,
CI,4,15-1243.01,Data Warehousing Specialists,
CI,4,15-1242.00,Database Administrators,Y
CI,4,15-1243.00,Database Architects,
CI,4,15-1299.03,Document Management Specialists,
CIR,4,13-1041.01,Environmental Compliance Inspectors,Y
CEI,4,13-2051.00,Financial and Investment Analysts,
CEI,4,13-2061.00,Financial Examiners,
CIE,4,13-2054.00,Financial Risk Specialists,
CEI,4,13-2099.04,"Fraud Examiners, Investigators and Analysts",
CIR,4,17-2112.00,Industrial Engineers,Y
CI,4,15-1212.00,Information Security Analysts,Y
CIR,4,15-1299.05,Information Security Engineers,
CEI,4,13-2053.00,Insurance Underwriters,
CAS,4,27-3091.00,Interpreters and Translators,
CES,4,13-2072.00,Loan Officers,
CEI,4,13-1081.00,Logisticians,Y
CEI,4,13-1081.02,Logistics Analysts,
CIR,4,13-1081.01,Logistics Engineers,
CE,4,11-9199.08,Loss Prevention Managers,
CIE,4,13-1111.00,Management Analysts,Y
CRI,4,15-1244.00,Network and Computer Systems Administrators,
CE,4,13-1199.06,Online Merchants,Y
CA,4,43-9081.00,Proofreaders and Copy Markers,
CER,4,13-1023.00,"Purchasing Agents, Except Wholesale, Retail, and Farm Products",
CEI,4,11-3051.01,Quality Control Systems Managers,
CRI,4,17-2072.01,Radio Frequency Identification Device Specialists,
CEI,4,13-1041.07,Regulatory Affairs Specialists,Y
CIR,4,13-1199.07,Security Management Specialists,Y
CI,4,43-9111.00,Statistical Assistants,
CRI,4,17-1022.00,Surveyors,Y
CAI,4,27-3042.00,Technical Writers,Y
CR,4,53-6051.00,Transportation Inspectors,
CIE,4,15-1299.01,Web Administrators,Y
CEI,5,23-1021.00,"Administrative Law Judges, Adjudicators, and Hearing Officers",Y
CI,5,25-4011.00,Archivists,Y
CE,5,25-4012.00,Curators,Y
CEI,5,23-1012.00,Judicial Law Clerks,Y
CSI,5,25-4022.00,Librarians and Media Collections Specialists,Y
SCI,5,29-1071.01,Anesthesiologist Assistants,Y
ECS,5,23-1022.00,"Arbitrators, Mediators, and Conciliators",Y
IC,5,15-2041.01,Biostatisticians,Y
ICR,5,15-1221.00,Computer and Information Research Scientists,Y
ICE,5,19-3011.00,Economists,Y
IC,5,13-2099.01,Financial Quantitative Analysts,Y
ICR,5,19-1029.03,Geneticists,Y
ECI,5,11-3031.03,Investment Fund Managers,Y
ECI,5,23-1011.00,Lawyers,Y
IC,5,15-2021.00,Mathematicians,Y
IC,5,15-2031.00,Operations Research Analysts,Y
ICR,5,29-1224.00,Radiologists,Y
IC,5,15-2041.00,Statisticians,Y
IC,5,19-3022.00,Survey Researchers,Y
SC,5,25-9044.00,"Teaching Assistants, Postsecondary",Y
ECR,1,41-9091.00,"Door-to-Door Sales Workers, News and Street Vendors, and Related Workers",Y
RCE,1,35-2011.00,"Cooks, Fast Food",Y
RCE,1,35-3023.00,Fast Food and Counter Workers,Y
ECR,2,53-1041.00,Aircraft Cargo Handling Supervisors,Y
EC,2,41-9011.00,Demonstrators and Product Promoters,Y
ERC,2,13-1074.00,Farm Labor Contractors,Y
ECS,2,39-1014.00,"First-Line Supervisors of Entertainment and Recreation Workers, Except Gambling Services",Y
ECR,2,35-1012.00,First-Line Supervisors of Food Preparation and Serving Workers,Y
ECR,2,39-1013.00,First-Line Supervisors of Gambling Services Workers,Y
ECR,2,53-1042.00,"First-Line Supervisors of Helpers, Laborers, and Material Movers, Hand",Y
ECR,2,37-1011.00,First-Line Supervisors of Housekeeping and Janitorial Workers,Y
ECS,2,33-1012.00,First-Line Supervisors of Police and Detectives,Y
ECS,2,41-1011.00,First-Line Supervisors of Retail Sales Workers,Y
ECR,2,33-1091.00,First-Line Supervisors of Security Workers,Y
ECR,2,11-9051.00,Food Service Managers,Y
EC,2,11-9071.00,Gambling Managers,Y
ECS,2,11-9131.00,Postmasters and Mail Superintendents,Y
ECR,2,53-1042.01,Recycling Coordinators,Y
EC,2,41-2031.00,Retail Salespersons,Y
ECS,2,41-3091.00,"Sales Representatives of Services, Except Advertising, Insurance, Financial Services, and Travel",Y
ECS,2,41-9041.00,Telemarketers,Y
ECR,2,27-2023.00,"Umpires, Referees, and Other Sports Officials",Y
SEC,2,35-9031.00,"Hosts and Hostesses, Restaurant, Lounge, and Coffee Shop",Y
SEC,2,39-7012.00,Travel Guides,Y
ECS,3,11-3012.00,Administrative Services Managers,Y
ERC,3,35-1011.00,Chefs and Head Cooks,Y
ECR,3,11-3013.00,Facilities Managers,Y
ECR,3,47-1011.00,First-Line Supervisors of Construction Trades and Extraction Workers,
ECS,3,33-1011.00,First-Line Supervisors of Correctional Officers,
ERC,3,45-1011.00,"First-Line Supervisors of Farming, Fishing, and Forestry Workers",
ERC,3,33-1021.00,First-Line Supervisors of Firefighting and Prevention Workers,Y
ECR,3,37-1012.00,"First-Line Supervisors of Landscaping, Lawn Service, and Groundskeeping Workers",
ERC,3,53-1043.00,First-Line Supervisors of Material-Moving Machine and Vehicle Operators,Y
ECR,3,49-1011.00,"First-Line Supervisors of Mechanics, Installers, and Repairers",
ECS,3,43-1011.00,First-Line Supervisors of Office and Administrative Support Workers,Y
ECS,3,53-1044.00,First-Line Supervisors of Passenger Attendants,Y
ECS,3,39-1022.00,First-Line Supervisors of Personal Service Workers,Y
ECR,3,51-1011.00,First-Line Supervisors of Production and Operating Workers,
ECS,3,11-9171.00,Funeral Home Managers,Y
ECS,3,41-9022.00,Real Estate Sales Agents,Y
ECR,3,41-4011.07,Solar Sales Representatives and Assessors,Y
ECS,3,11-9179.02,Spa Managers,Y
ECS,3,41-3041.00,Travel Agents,Y
ECR,3,13-1022.00,"Wholesale and Retail Buyers, Except Farm Products",
ECR,3,11-9199.09,Wind Energy Operations Managers,Y
CE,3,13-1041.08,Customs Brokers,Y
CE,3,13-1041.04,Government Property Inspectors and Investigators,Y
CEI,3,33-9021.00,Private Detectives and Investigators,Y
SE,3,39-7011.00,Tour Guides and Escorts,Y
ECA,4,11-2011.00,Advertising and Promotions Managers,
ECA,4,41-3011.00,Advertising Sales Agents,
ESC,4,13-1011.00,"Agents and Business Managers of Artists, Performers, and Athletes",Y
ECR,4,11-3051.03,Biofuels Production Managers,
ECI,4,13-1199.04,Business Continuity Planners,
ECR,4,13-1021.00,"Buyers and Purchasing Agents, Farm Products",
ECS,4,11-3111.00,Compensation and Benefits Managers,
ECR,4,11-9021.00,Construction Managers,Y
ECI,4,11-9161.00,Emergency Management Directors,
ECR,4,11-9072.00,"Entertainment and Recreation Managers, Except Gambling",
ECS,4,13-1041.03,Equal Opportunity Representatives and Officers,Y
ERC,4,11-9013.00,"Farmers, Ranchers, and Other Agricultural Managers",
EC,4,11-3031.00,Financial Managers,Y
ECS,4,41-1012.00,First-Line Supervisors of Non-Retail Sales Workers,
ESC,4,13-1131.00,Fundraisers,Y
ECS,4,11-2033.00,Fundraising Managers,
EC,4,11-1021.00,General and Operations Managers,Y
ECS,4,11-3121.00,Human Resources Managers,Y
ECS,4,13-1071.00,Human Resources Specialists,Y
ECR,4,11-3051.00,Industrial Production Managers,
ECI,4,15-1299.09,Information Technology Project Managers,Y
ECS,4,41-3021.00,Insurance Sales Agents,Y
ECS,4,13-1075.00,Labor Relations Specialists,
ESC,4,11-1031.00,Legislators,
ECS,4,11-9081.00,Lodging Managers,
ECI,4,13-1161.00,Market Research Analysts and Marketing Specialists,
EC,4,11-2021.00,Marketing Managers,Y
ECA,4,27-2012.03,Media Programming Directors,Y
ECR,4,27-2012.05,Media Technical Directors/Managers,
ECS,4,11-9111.00,Medical and Health Services Managers,
ECS,4,13-1121.00,"Meeting, Convention, and Event Planners",Y
ECS,4,13-2052.00,Personal Financial Advisors,Y
EC,4,13-1082.00,Project Management Specialists,Y
EC,4,11-9141.00,"Property, Real Estate, and Community Association Managers",
ECS,4,11-2032.00,Public Relations Managers,
EAS,4,27-3031.00,Public Relations Specialists,Y
EC,4,11-3061.00,Purchasing Managers,
EC,4,41-9021.00,Real Estate Brokers,
EC,4,11-9199.01,Regulatory Affairs Managers,
EC,4,41-9031.00,Sales Engineers,
EC,4,11-2022.00,Sales Managers,
EC,4,41-4012.00,"Sales Representatives, Wholesale and Manufacturing, Except Technical and Scientific Products",
EC,4,41-4011.00,"Sales Representatives, Wholesale and Manufacturing, Technical and Scientific Products",
ECI,4,13-1161.01,Search Marketing Strategists,Y
EC,4,41-3031.00,"Securities, Commodities, and Financial Services Sales Agents",
EC,4,11-3013.01,Security Managers,
ESC,4,11-9151.00,Social and Community Service Managers,Y
EC,4,11-3071.04,Supply Chain Managers,
EAS,4,27-2012.04,Talent Directors,
ES,4,11-3131.00,Training and Development Managers,Y
EC,4,11-3071.00,"Transportation, Storage, and Distribution Managers",Y
EC,4,11-3031.01,Treasurers and Controllers,
EC,4,11-9199.10,Wind Energy Development Managers,
CE,4,13-1041.00,Compliance Officers,Y
ECS,5,23-1022.00,"Arbitrators, Mediators, and Conciliators",Y
ECI,5,11-9041.00,Architectural and Engineering Managers,Y
EC,5,11-1011.00,Chief Executives,Y
EIC,5,11-1011.03,Chief Sustainability Officers,Y
ECI,5,11-3031.03,Investment Fund Managers,Y
ECS,5,23-1023.00,"Judges, Magistrate Judges, and Magistrates",Y
ECI,5,23-1011.00,Lawyers,Y
CEI,5,23-1021.00,"Administrative Law Judges, Adjudicators, and Hearing Officers",Y
SE,5,21-2011.00,Clergy,Y
IEC,5,19-2041.01,Climate Change Policy Analysts,Y
CE,5,25-4012.00,Curators,Y
SEC,5,11-9032.00,"Education Administrators, Kindergarten through Secondary",Y
SEC,5,11-9033.00,"Education Administrators, Postsecondary",Y
SE,5,21-1012.00,"Educational, Guidance, and Career Counselors and Advisors",Y
IEC,5,19-3011.01,Environmental Economists,Y
IES,5,19-3032.00,Industrial-Organizational Psychologists,Y
SEC,5,25-9031.00,Instructional Coordinators,Y
CEI,5,23-1012.00,Judicial Law Clerks,Y
IEC,5,11-9121.00,Natural Sciences Managers,Y
IEC,5,19-3051.00,Urban and Regional Planners,Y
RIC,2,51-9081.00,Dental Laboratory Technicians,Y
RIC,2,17-3029.01,Non-Destructive Testing Specialists,Y
SIC,2,31-1133.00,Psychiatric Aides,Y
RIC,2,31-9096.00,Veterinary Assistants and Laboratory Animal Caretakers,Y
RCI,2,45-2011.00,Agricultural Inspectors,Y
RCI,2,33-9011.00,Animal Control Workers,Y
RCI,2,51-8099.01,Biofuels Processing Technicians,Y
RCI,2,51-9011.00,Chemical Equipment Operators and Tenders,Y
RCI,2,51-8091.00,Chemical Plant and System Operators,Y
RCI,2,47-5023.00,"Earth Drillers, Except Oil and Gas",Y
RCI,2,51-2022.00,Electrical and Electronic Equipment Assemblers,Y
RCI,2,51-2023.00,Electromechanical Equipment Assemblers,Y
RCI,2,31-9099.02,Endoscopy Technicians,Y
RCI,2,47-5032.00,"Explosives Workers, Ordnance Handling Experts, and Blasters",Y
RCI,2,49-9099.01,Geothermal Technicians,Y
RCI,2,51-9061.00,"Inspectors, Testers, Sorters, Samplers, and Weighers",Y
RCI,2,53-4011.00,Locomotive Engineers,Y
RCI,2,31-9093.00,Medical Equipment Preparers,Y
RCI,2,47-2073.00,Operating Engineers and Other Construction Equipment Operators,Y
RCI,2,53-6051.07,"Transportation Vehicle, Equipment and Systems Inspectors, Except Aviation",Y
IRC,3,19-4031.00,Chemical Technicians,Y
IC,3,15-1211.00,Computer Systems Analysts,Y
ICR,3,15-1299.08,Computer Systems Engineers/Architects,
ICR,3,13-1041.06,Coroners,Y
ICR,3,33-3021.00,Detectives and Criminal Investigators,Y
ICR,3,19-4092.00,Forensic Science Technicians,Y
IRC,3,29-2099.01,Neurodiagnostic Technologists,Y
RIC,3,29-2031.00,Cardiovascular Technologists and Technicians,Y
RIC,3,17-3022.00,Civil Engineering Technologists and Technicians,Y
RIC,3,49-9092.00,Commercial Divers,Y
RIC,3,17-3023.00,Electrical and Electronic Engineering Technologists and Technicians,Y
CIS,3,29-9021.00,Health Information Technologists and Medical Registrars,Y
SIC,3,29-2092.00,Hearing Aid Specialists,Y
RIC,3,51-9082.00,Medical Appliance Technicians,Y
CIE,3,23-2011.00,Paralegals and Legal Assistants,Y
RIC,3,19-4012.01,Precision Agriculture Technicians,Y
SI,3,29-2053.00,Psychiatric Technicians,Y
CIR,3,19-4099.01,Quality Control Analysts,Y
RIC,3,29-2056.00,Veterinary Technologists and Technicians,Y
CI,3,15-1254.00,Web Developers,Y
IRC,4,17-2011.00,Aerospace Engineers,Y
IRC,4,17-2021.00,Agricultural Engineers,Y
IRC,4,19-2021.00,Atmospheric and Space Scientists,
IR,4,17-2031.00,Bioengineers and Biomedical Engineers,Y
IER,4,11-9041.01,Biofuels/Biodiesel Technology and Product Development Managers,
ICR,4,15-2099.01,Bioinformatics Technicians,Y
IRC,4,19-2031.00,Chemists,Y
ICE,4,11-9121.01,Clinical Research Coordinators,Y
ICR,4,15-1241.00,Computer Network Architects,
IRC,4,19-1031.00,Conservation Scientists,
IRC,4,29-2011.01,Cytogenetic Technologists,Y
IC,4,15-2051.00,Data Scientists,Y
IC,4,15-1299.06,Digital Forensics Analysts,Y
IRC,4,17-2081.00,Environmental Engineers,
IRC,4,19-4042.00,"Environmental Science and Protection Technicians, Including Health",
IRC,4,19-2041.00,"Environmental Scientists and Specialists, Including Health",Y
IRC,4,19-1012.00,Food Scientists and Technologists,Y
IR,4,19-3092.00,Geographers,
IRC,4,17-2111.00,"Health and Safety Engineers, Except Mining Safety Engineers and Inspectors",
IRC,4,29-2011.04,Histotechnologists,
IC,4,33-3021.06,Intelligence Analysts,
IRC,4,19-2032.00,Materials Scientists,
IRC,4,29-2011.00,Medical and Clinical Laboratory Technologists,Y
ICR,4,29-2036.00,Medical Dosimetrists,Y
IRC,4,19-1022.00,Microbiologists,
IRC,4,17-2161.00,Nuclear Engineers,
ICR,4,19-5011.00,Occupational Health and Safety Specialists,Y
ICR,4,15-1299.04,Penetration Testers,Y
IRC,4,17-2199.07,Photonics Engineers,
IRC,4,19-2099.01,Remote Sensing Scientists and Technologists,
IC,4,19-4061.00,Social Science Research Assistants,
ICR,4,15-1252.00,Software Developers,Y
ICR,4,15-1253.00,Software Quality Assurance Analysts and Testers,Y
IEC,4,13-1199.05,Sustainability Specialists,Y
IC,4,19-3099.01,Transportation Planners,
ICR,4,17-2112.02,Validation Engineers,Y
IRC,4,11-9121.02,Water Resource Specialists,Y
IAC,4,15-1255.00,Web and Digital Interface Designers,
IR,4,19-1023.00,Zoologists and Wildlife Biologists,
IS,5,29-1141.02,Advanced Practice Psychiatric Nurses,
ISR,5,29-1229.01,Allergists and Immunologists,
ISR,5,29-1211.00,Anesthesiologists,
IR,5,19-1011.00,Animal Scientists,Y
IR,5,19-3091.00,Anthropologists and Archeologists,
IR,5,19-2011.00,Astronomers,
ISC,5,29-1181.00,Audiologists,Y
IR,5,19-1021.00,Biochemists and Biophysicists,
ICR,5,19-1029.01,Bioinformatics Scientists,
ICR,5,19-1029.04,Biologists,
IC,5,15-2041.01,Biostatisticians,
IRS,5,29-1212.00,Cardiologists,
IS,5,25-1052.00,"Chemistry Teachers, Postsecondary",
IEC,5,19-2041.01,Climate Change Policy Analysts,Y
IS,5,19-3039.03,Clinical Neuropsychologists,
ICR,5,15-1221.00,Computer and Information Research Scientists,
IRC,5,29-2011.02,Cytotechnologists,
IRS,5,29-1021.00,"Dentists, General",
IRS,5,29-1213.00,Dermatologists,
ICE,5,19-3011.00,Economists,Y
ISC,5,29-1214.00,Emergency Medicine Physicians,
IEC,5,19-3011.01,Environmental Economists,
IRC,5,19-2041.02,Environmental Restoration Planners,Y
IS,5,19-1041.00,Epidemiologists,
IC,5,13-2099.01,Financial Quantitative Analysts,Y
ISR,5,29-1216.00,General Internal Medicine Physicians,
ISC,5,29-9092.00,Genetic Counselors,Y
ICR,5,19-1029.03,Geneticists,
IRC,5,19-2042.00,"Geoscientists, Except Hydrologists and Geographers",
ICS,5,15-1211.01,Health Informatics Specialists,Y
IC,5,19-3093.00,Historians,
IRC,5,17-2112.01,Human Factors Engineers and Ergonomists,Y
IRC,5,19-2043.00,Hydrologists,
IRC,5,19-2041.03,Industrial Ecologists,Y
IES,5,19-3032.00,Industrial-Organizational Psychologists,Y
IC,5,15-2021.00,Mathematicians,
IRC,5,19-1042.00,"Medical Scientists, Except Epidemiologists",Y
IRC,5,17-2199.06,Microsystems Engineers,
IRC,5,19-1029.02,Molecular and Cellular Biologists,
IRC,5,17-2199.09,Nanosystems Engineers,
IEC,5,11-9121.00,Natural Sciences Managers,Y
ISR,5,29-1299.01,Naturopathic Physicians,
IS,5,29-1217.00,Neurologists,
IS,5,19-3039.02,Neuropsychologists,
ISC,5,29-1171.00,Nurse Practitioners,Y
ISR,5,29-1218.00,Obstetricians and Gynecologists,
IC,5,15-2031.00,Operations Research Analysts,Y
ISR,5,29-1241.00,"Ophthalmologists, Except Pediatric",
ISR,5,29-1041.00,Optometrists,Y
IRS,5,29-1022.00,Oral and Maxillofacial Surgeons,
IRC,5,29-1023.00,Orthodontists,Y
IRS,5,29-1242.00,"Orthopedic Surgeons, Except Pediatric",
IRS,5,29-1299.02,Orthoptists,
ISR,5,29-1243.00,Pediatric Surgeons,
ISC,5,29-1051.00,Pharmacists,
ISR,5,29-1229.04,Physical Medicine and Rehabilitation Physicians,
IRC,5,29-1222.00,"Physicians, Pathologists",
IRC,5,19-2012.00,Physicists,Y
IRS,5,29-1081.00,Podiatrists,
IA,5,19-3094.00,Political Scientists,Y
IS,5,29-1229.05,Preventive Medicine Physicians,
IS,5,29-1223.00,Psychiatrists,
ICR,5,29-1224.00,Radiologists,
ISA,5,19-3041.00,Sociologists,
IR,5,19-1013.00,Soil and Plant Scientists,Y
ISR,5,29-1229.06,Sports Medicine Physicians,
IC,5,15-2041.00,Statisticians,Y
IC,5,19-3022.00,Survey Researchers,
IEC,5,19-3051.00,Urban and Regional Planners,
IRS,5,29-1229.03,Urologists,
RC,1,45-2091.00,Agricultural Equipment Operators,Y
RCS,1,35-3023.01,Baristas,Y
RC,1,47-2051.00,Cement Masons and Concrete Finishers,Y
RC,1,53-7011.00,Conveyor Operators and Tenders,Y
RCE,1,35-2011.00,"Cooks, Fast Food",Y
RC,1,51-9031.00,"Cutters and Trimmers, Hand",
RC,1,47-5011.00,"Derrick Operators, Oil and Gas",
RCS,1,35-9011.00,Dining Room and Cafeteria Attendants and Bartender Helpers,Y
RC,1,35-9021.00,Dishwashers,Y
RC,1,45-4021.00,Fallers,
RC,1,45-2092.00,"Farmworkers and Laborers, Crop, Nursery, and Greenhouse",Y
RCE,1,35-3023.00,Fast Food and Counter Workers,Y
RC,1,45-3031.00,Fishing and Hunting Workers,Y
RC,1,47-2043.00,Floor Sanders and Finishers,
RC,1,45-2041.00,"Graders and Sorters, Agricultural Products",
RC,1,47-3014.00,"Helpers--Painters, Paperhangers, Plasterers, and Stucco Masons",
RC,1,37-3011.00,Landscaping and Groundskeeping Workers,Y
RC,1,51-6011.00,Laundry and Dry-Cleaning Workers,Y
RC,1,45-4022.00,Logging Equipment Operators,Y
RC,1,37-2012.00,Maids and Housekeeping Cleaners,Y
RC,1,51-3022.00,"Meat, Poultry, and Fish Cutters and Trimmers",Y
RAC,1,51-9123.00,"Painting, Coating, and Decorating Workers",
RC,1,47-2161.00,Plasterers and Stucco Masons,Y
RC,1,51-6021.00,"Pressers, Textile, Garment, and Related Materials",
RC,1,47-5051.00,"Rock Splitters, Quarry",
RC,1,47-5071.00,"Roustabouts, Oil and Gas",Y
RC,1,47-4071.00,Septic Tank Servicers and Sewer Pipe Cleaners,Y
RCA,1,51-6051.00,"Sewers, Hand",
RC,1,51-6031.00,Sewing Machine Operators,Y
RC,2,51-9191.00,Adhesive Bonding Machine Operators and Tenders,
RCI,2,45-2011.00,Agricultural Inspectors,
RC,2,53-6032.00,Aircraft Service Attendants,
RC,2,51-2011.00,"Aircraft Structure, Surfaces, Rigging, and Systems Assemblers",
RSC,2,53-3011.00,"Ambulance Drivers and Attendants, Except Emergency Medical Technicians",
RC,2,45-2021.00,Animal Breeders,
RSC,2,39-2021.00,Animal Caretakers,Y
RCI,2,33-9011.00,Animal Control Workers,
RS,2,39-2011.00,Animal Trainers,
RES,2,27-2021.00,Athletes and Sports Competitors,Y
RC,2,53-6031.00,Automotive and Watercraft Service Attendants,
RC,2,49-3021.00,Automotive Body and Related Repairers,
RC,2,49-3022.00,Automotive Glass Installers and Repairers,
RCS,2,39-6011.00,Baggage Porters and Bellhops,Y
RC,2,51-3011.00,Bakers,Y
RCE,2,35-3011.00,Bartenders,Y
RC,2,49-3091.00,Bicycle Repairers,
RCI,2,51-8099.01,Biofuels Processing Technicians,
RC,2,51-8013.03,Biomass Plant Technicians,
RC,2,47-2021.00,Brickmasons and Blockmasons,
RC,2,53-6011.00,Bridge and Lock Tenders,
RCS,2,53-3051.00,"Bus Drivers, School",
RCS,2,53-3052.00,"Bus Drivers, Transit and Intercity",Y
RC,2,51-3021.00,Butchers and Meat Cutters,
RC,2,51-7011.00,Cabinetmakers and Bench Carpenters,
RC,2,47-2031.00,Carpenters,
RC,2,47-2041.00,Carpet Installers,
RCI,2,51-9011.00,Chemical Equipment Operators and Tenders,
RCI,2,51-8091.00,Chemical Plant and System Operators,
RC,2,53-7061.00,Cleaners of Vehicles and Equipment,
RC,2,51-9192.00,"Cleaning, Washing, and Metal Pickling Equipment Operators and Tenders",
RC,2,51-9124.00,"Coating, Painting, and Spraying Machine Setters, Operators, and Tenders",
RC,2,51-2021.00,"Coil Winders, Tapers, and Finishers",
RC,2,49-9091.00,"Coin, Vending, and Amusement Machine Servicers and Repairers",
RC,2,51-9161.00,Computer Numerically Controlled Tool Operators,
RC,2,47-2061.00,Construction Laborers,Y
RC,2,47-5041.00,Continuous Mining Machine Operators,
RC,2,35-2012.00,"Cooks, Institution and Cafeteria",
RCE,2,35-2014.00,"Cooks, Restaurant",Y
RCE,2,35-2015.00,"Cooks, Short Order",
RC,2,51-9193.00,Cooling and Freezing Equipment Operators and Tenders,
RCS,2,33-3012.00,Correctional Officers and Jailers,
RC,2,39-4012.00,Crematory Operators,
RC,2,33-9091.00,Crossing Guards and Flaggers,
RC,2,51-9021.00,"Crushing, Grinding, and Polishing Machine Setters, Operators, and Tenders",
RC,2,51-9032.00,"Cutting and Slicing Machine Setters, Operators, and Tenders",
RC,2,51-4031.00,"Cutting, Punching, and Press Machine Setters, Operators, and Tenders, Metal and Plastic",
RIC,2,51-9081.00,Dental Laboratory Technicians,
RC,2,53-7031.00,Dredge Operators,
RC,2,51-4032.00,"Drilling and Boring Machine Tool Setters, Operators, and Tenders, Metal and Plastic",
RCE,2,53-3031.00,Driver/Sales Workers,
RC,2,47-2081.00,Drywall and Ceiling Tile Installers,
RCI,2,47-5023.00,"Earth Drillers, Except Oil and Gas",
RCI,2,51-2022.00,Electrical and Electronic Equipment Assemblers,Y
RC,2,49-9051.00,Electrical Power-Line Installers and Repairers,
RCI,2,51-2023.00,Electromechanical Equipment Assemblers,
RCI,2,31-9099.02,Endoscopy Technicians,
RC,2,51-2031.00,Engine and Other Machine Assemblers,
RCA,2,51-9194.00,Etchers and Engravers,
RC,2,47-5022.00,"Excavating and Loading Machine and Dragline Operators, Surface Mining",
RCI,2,47-5032.00,"Explosives Workers, Ordnance Handling Experts, and Blasters",
RC,2,51-4021.00,"Extruding and Drawing Machine Setters, Operators, and Tenders, Metal and Plastic",
RC,2,51-6091.00,"Extruding and Forming Machine Setters, Operators, and Tenders, Synthetic and Glass Fibers",
RC,2,51-9041.00,"Extruding, Forming, Pressing, and Compacting Machine Setters, Operators, and Tenders",
R,2,45-2093.00,"Farmworkers, Farm, Ranch, and Aquacultural Animals",
RC,2,47-4031.00,Fence Erectors,
RC,2,51-2051.00,Fiberglass Laminators and Fabricators,
RC,2,47-2042.00,"Floor Layers, Except Carpet, Wood, and Hard Tiles",
RAC,2,27-1023.00,Floral Designers,
RC,2,51-3091.00,"Food and Tobacco Roasting, Baking, and Drying Machine Operators and Tenders",
RC,2,51-3092.00,Food Batchmakers,
RC,2,51-3093.00,Food Cooking Machine Operators and Tenders,
RC,2,35-2021.00,Food Preparation Workers,Y
RSC,2,35-3041.00,"Food Servers, Nonrestaurant",
RC,2,45-4011.00,Forest and Conservation Workers,
RC,2,51-4022.00,"Forging Machine Setters, Operators, and Tenders, Metal and Plastic",
RC,2,51-4071.00,Foundry Mold and Coremakers,
RSC,2,39-4021.00,Funeral Attendants,
RC,2,51-9051.00,"Furnace, Kiln, Oven, Drier, and Kettle Operators and Tenders",
RCA,2,51-7021.00,Furniture Finishers,
RC,2,53-7071.00,Gas Compressor and Gas Pumping Station Operators,
RC,2,51-8092.00,Gas Plant Operators,
RCI,2,49-9099.01,Geothermal Technicians,
RC,2,51-9195.04,"Glass Blowers, Molders, Benders, and Finishers",
RC,2,47-2121.00,Glaziers,
RC,2,51-9022.00,"Grinding and Polishing Workers, Hand",
RC,2,51-4033.00,"Grinding, Lapping, Polishing, and Buffing Machine Tool Setters, Operators, and Tenders, Metal and Plastic",
RC,2,51-4191.00,"Heat Treating Equipment Setters, Operators, and Tenders, Metal and Plastic",
RC,2,53-3032.00,Heavy and Tractor-Trailer Truck Drivers,Y
RC,2,47-3011.00,"Helpers--Brickmasons, Blockmasons, Stonemasons, and Tile and Marble Setters",
RC,2,47-3012.00,Helpers--Carpenters,
RC,2,47-3013.00,Helpers--Electricians,
RC,2,47-5081.00,Helpers--Extraction Workers,
RC,2,49-9098.00,"Helpers--Installation, Maintenance, and Repair Workers",
RC,2,47-3015.00,"Helpers--Pipelayers, Plumbers, Pipefitters, and Steamfitters",
RC,2,51-9198.00,Helpers--Production Workers,
RC,2,47-3016.00,Helpers--Roofers,
RC,2,47-4051.00,Highway Maintenance Workers,
RC,2,53-7041.00,Hoist and Winch Operators,
RC,2,49-9031.00,Home Appliance Repairers,
RC,2,53-7051.00,Industrial Truck and Tractor Operators,
RCI,2,51-9061.00,"Inspectors, Testers, Sorters, Samplers, and Weighers",
RC,2,47-2131.00,"Insulation Workers, Floor, Ceiling, and Wall",
RC,2,47-2132.00,"Insulation Workers, Mechanical",
RC,2,53-7062.00,"Laborers and Freight, Stock, and Material Movers, Hand",Y
RC,2,51-4034.00,"Lathe and Turning Machine Tool Setters, Operators, and Tenders, Metal and Plastic",
RC,2,51-4192.00,"Layout Workers, Metal and Plastic",
RSC,2,33-9092.00,"Lifeguards, Ski Patrol, and Other Recreational Protective Service Workers",
RC,2,53-3033.00,Light Truck Drivers,Y
RC,2,47-5044.00,"Loading and Moving Machine Operators, Underground Mining",
RC,2,49-9094.00,Locksmiths and Safe Repairers,
RCI,2,53-4011.00,Locomotive Engineers,
RC,2,53-7063.00,Machine Feeders and Offbearers,
RC,2,39-5092.00,Manicurists and Pedicurists,Y
RC,2,49-9095.00,Manufactured Building and Mobile Home Installers,
RC,2,49-9011.00,Mechanical Door Repairers,
RCI,2,31-9093.00,Medical Equipment Preparers,Y
RC,2,51-4051.00,Metal-Refining Furnace Operators and Tenders,
RC,2,51-4035.00,"Milling and Planing Machine Setters, Operators, and Tenders, Metal and Plastic",
RC,2,49-9044.00,Millwrights,
RC,2,51-9023.00,"Mixing and Blending Machine Setters, Operators, and Tenders",
RC,2,51-9195.00,"Molders, Shapers, and Casters, Except Metal and Plastic",
RC,2,51-4072.00,"Molding, Coremaking, and Casting Machine Setters, Operators, and Tenders, Metal and Plastic",
RC,2,39-3021.00,Motion Picture Projectionists,
RCE,2,53-5022.00,Motorboat Operators,
RC,2,51-4081.00,"Multiple Machine Tool Setters, Operators, and Tenders, Metal and Plastic",
RIC,2,17-3029.01,Non-Destructive Testing Specialists,
RCI,2,47-2073.00,Operating Engineers and Other Construction Equipment Operators,
RC,2,51-9083.00,Ophthalmic Laboratory Technicians,
RCS,2,31-1132.00,Orderlies,
RC,2,49-3053.00,Outdoor Power Equipment and Other Small Engine Mechanics,
RC,2,51-9111.00,Packaging and Filling Machine Operators and Tenders,
RC,2,47-2141.00,"Painters, Construction and Maintenance",
RC,2,51-9196.00,"Paper Goods Machine Setters, Operators, and Tenders",
RCA,2,47-2142.00,Paperhangers,
RC,2,53-6021.00,Parking Attendants,
RC,2,33-3041.00,Parking Enforcement Workers,
RC,2,47-2071.00,"Paving, Surfacing, and Tamping Equipment Operators",
RC,2,37-2021.00,Pest Control Workers,
RC,2,37-3012.00,"Pesticide Handlers, Sprayers, and Applicators, Vegetation",
RC,2,51-8093.00,"Petroleum Pump System Operators, Refinery Operators, and Gaugers",
RCA,2,51-9151.00,Photographic Process Workers and Processing Machine Operators,
RC,2,47-2072.00,Pile Driver Operators,
RC,2,47-2151.00,Pipelayers,
RC,2,51-4193.00,"Plating Machine Setters, Operators, and Tenders, Metal and Plastic",
RC,2,51-4052.00,"Pourers and Casters, Metal",
RC,2,51-8013.00,Power Plant Operators,
RC,2,51-5113.00,Print Binding and Finishing Workers,
RC,2,53-7072.00,"Pump Operators, Except Wellhead Pumpers",
RC,2,49-3043.00,Rail Car Repairers,
RC,2,53-4013.00,"Rail Yard Engineers, Dinkey Operators, and Hostlers",
RC,2,47-4061.00,Rail-Track Laying and Maintenance Equipment Operators,
RC,2,53-4022.00,"Railroad Brake, Signal, and Switch Operators and Locomotive Firers",
RCE,2,53-4031.00,Railroad Conductors and Yardmasters,
RC,2,49-3092.00,Recreational Vehicle Service Technicians,
RC,2,53-7062.04,Recycling and Reclamation Workers,Y
RC,2,49-9045.00,"Refractory Materials Repairers, Except Brickmasons",
RC,2,53-7081.00,Refuse and Recyclable Material Collectors,
RC,2,47-2171.00,Reinforcing Iron and Rebar Workers,
RC,2,49-9096.00,Riggers,
RC,2,51-4023.00,"Rolling Machine Setters, Operators, and Tenders, Metal and Plastic",
RC,2,47-5043.00,"Roof Bolters, Mining",
RC,2,47-2181.00,Roofers,
RC,2,47-5012.00,"Rotary Drill Operators, Oil and Gas",
RC,2,53-5011.00,Sailors and Marine Oilers,
RC,2,51-7041.00,"Sawing Machine Setters, Operators, and Tenders, Wood",
RC,2,33-9032.00,Security Guards,Y
RC,2,47-4091.00,Segmental Pavers,
RC,2,51-9141.00,Semiconductor Processing Technicians,
RC,2,51-9012.00,"Separating, Filtering, Clarifying, Precipitating, and Still Machine Setters, Operators, and Tenders",
RC,2,47-5013.00,"Service Unit Operators, Oil and Gas",
RSC,2,39-5093.00,Shampooers,
RC,2,47-2211.00,Sheet Metal Workers,
RA,2,51-6041.00,Shoe and Leather Workers and Repairers,
RC,2,51-6042.00,Shoe Machine Operators and Tenders,
RCS,2,53-3053.00,Shuttle Drivers and Chauffeurs,
RC,2,51-3023.00,Slaughterers and Meat Packers,
RC,2,47-2231.00,Solar Photovoltaic Installers,Y
RAC,2,51-9195.03,"Stone Cutters and Carvers, Manufacturing",
RC,2,47-2221.00,Structural Iron and Steel Workers,
RC,2,51-2041.00,Structural Metal Fabricators and Fitters,
RC,2,53-4041.00,Subway and Streetcar Operators,
RA,2,51-6052.00,"Tailors, Dressmakers, and Custom Sewers",
RC,2,53-7121.00,"Tank Car, Truck, and Ship Loaders",
RC,2,47-2082.00,Tapers,
RC,2,53-3054.00,Taxi Drivers,
RCE,2,51-2092.00,Team Assemblers,
RC,2,49-9052.00,Telecommunications Line Installers and Repairers,Y
RC,2,47-2053.00,Terrazzo Workers and Finishers,
RC,2,51-6061.00,Textile Bleaching and Dyeing Machine Operators and Tenders,
RC,2,51-6062.00,"Textile Cutting Machine Setters, Operators, and Tenders",
RC,2,51-6063.00,"Textile Knitting and Weaving Machine Setters, Operators, and Tenders",
RC,2,51-6064.00,"Textile Winding, Twisting, and Drawing Out Machine Setters, Operators, and Tenders",
RC,2,47-2044.00,Tile and Stone Setters,Y
RC,2,51-2061.00,Timing Device Assemblers and Adjusters,
RC,2,51-9197.00,Tire Builders,
RC,2,49-3093.00,Tire Repairers and Changers,
RC,2,51-4194.00,"Tool Grinders, Filers, and Sharpeners",
RCI,2,53-6051.07,"Transportation Vehicle, Equipment and Systems Inspectors, Except Aviation",
RC,2,37-3013.00,Tree Trimmers and Pruners,
RAC,2,51-6093.00,Upholsterers,
RIC,2,31-9096.00,Veterinary Assistants and Laboratory Animal Caretakers,Y
RC,2,47-4099.03,Weatherization Installers and Technicians,
RC,2,51-4121.00,"Welders, Cutters, Solderers, and Brazers",
RC,2,51-4122.00,"Welding, Soldering, and Brazing Machine Setters, Operators, and Tenders",
RC,2,53-7073.00,Wellhead Pumpers,
RC,2,51-7042.00,"Woodworking Machine Setters, Operators, and Tenders, Except Sawing",
RCI,3,17-3021.00,Aerospace Engineering and Operations Technologists and Technicians,Y
RIC,3,19-4012.00,Agricultural Technicians,
RCI,3,49-3011.00,Aircraft Mechanics and Service Technicians,
RCA,3,17-3011.00,Architectural and Civil Drafters,
RC,3,27-4011.00,Audio and Video Technicians,Y
RC,3,49-2097.00,Audiovisual Equipment Installers and Repairers,
RIC,3,17-3027.01,Automotive Engineering Technicians,
RCI,3,49-3023.00,Automotive Service Technicians and Mechanics,
RCI,3,49-2091.00,Avionics Technicians,
RCE,3,33-3011.00,Bailiffs,
RCE,3,39-5011.00,Barbers,
RC,3,47-2011.00,Boilermakers,
RCI,3,49-3031.00,Bus and Truck Mechanics and Diesel Engine Specialists,
RCI,3,17-3028.00,Calibration Technologists and Technicians,
RC,3,49-9061.00,Camera and Photographic Equipment Repairers,
RCE,3,53-5021.00,"Captains, Mates, and Pilots of Water Vessels",
RIC,3,29-2031.00,Cardiovascular Technologists and Technicians,
RIC,3,17-3022.00,Civil Engineering Technologists and Technicians,
RIC,3,49-9092.00,Commercial Divers,
RCE,3,53-2012.00,Commercial Pilots,
RC,3,49-2011.00,"Computer, Automated Teller, and Office Machine Repairers",
RCI,3,47-4011.00,Construction and Building Inspectors,
RC,3,49-9012.00,"Control and Valve Installers and Repairers, Except Mechanical Door",
RCS,3,35-2013.00,"Cooks, Private Household",
RC,3,53-7021.00,Crane and Tower Operators,
RCI,3,29-2032.00,Diagnostic Medical Sonographers,
RC,3,49-2092.00,"Electric Motor, Power Tool, and Related Repairers",
RIC,3,17-3023.00,Electrical and Electronic Engineering Technologists and Technicians,
RC,3,17-3012.00,Electrical and Electronics Drafters,
RCI,3,49-2093.00,"Electrical and Electronics Installers and Repairers, Transportation Equipment",Y
RCI,3,49-2094.00,"Electrical and Electronics Repairers, Commercial and Industrial Equipment",
RCI,3,49-2095.00,"Electrical and Electronics Repairers, Powerhouse, Substation, and Relay",
RC,3,47-2111.00,Electricians,Y
RCI,3,17-3024.00,Electro-Mechanical and Mechatronics Technologists and Technicians,
RCI,3,49-2096.00,"Electronic Equipment Installers and Repairers, Motor Vehicles",
RC,3,47-4021.00,Elevator and Escalator Installers and Repairers,
RCS,3,39-4011.00,Embalmers,
RAC,3,51-6092.00,Fabric and Apparel Patternmakers,
RCI,3,49-3041.00,Farm Equipment Mechanics and Service Technicians,Y
RCI,3,33-2021.00,Fire Inspectors and Investigators,
R,3,33-2011.00,Firefighters,
RCI,3,19-4013.00,Food Science Technicians,Y
RCI,3,19-4071.00,Forest and Conservation Technicians,
RC,3,33-2022.00,Forest Fire Inspectors and Prevention Specialists,Y
RC,3,51-9071.06,Gem and Diamond Workers,
RCE,3,11-3051.02,Geothermal Production Managers,
RCS,3,39-5012.00,"Hairdressers, Hairstylists, and Cosmetologists",Y
RC,3,47-4041.00,Hazardous Materials Removal Workers,
RC,3,49-9021.00,"Heating, Air Conditioning, and Refrigeration Mechanics and Installers",Y
RIC,3,29-2012.01,Histology Technicians,
RCI,3,51-8013.04,Hydroelectric Plant Technicians,
RCE,3,11-3051.06,Hydroelectric Production Managers,
RCI,3,19-4044.00,Hydrologic Technicians,
RCI,3,17-3026.00,Industrial Engineering Technologists and Technicians,
RCI,3,49-9041.00,Industrial Machinery Mechanics,
RC,3,37-2011.00,"Janitors and Cleaners, Except Maids and Housekeeping Cleaners",Y
RAC,3,51-9071.00,Jewelers and Precious Stone and Metal Workers,
RC,3,27-4015.00,Lighting Technicians,
RCI,3,51-4041.00,Machinists,
RCI,3,29-2035.00,Magnetic Resonance Imaging Technologists,
RC,3,49-9071.00,"Maintenance and Repair Workers, General",Y
RC,3,49-9043.00,"Maintenance Workers, Machinery",
RCI,3,17-3013.00,Mechanical Drafters,
RIC,3,17-3027.00,Mechanical Engineering Technologists and Technicians,
RIC,3,29-2012.00,Medical and Clinical Laboratory Technicians,Y
RIC,3,51-9082.00,Medical Appliance Technicians,
RCI,3,49-9062.00,Medical Equipment Repairers,
RCI,3,49-3042.00,"Mobile Heavy Equipment Mechanics, Except Engines",
RC,3,51-4061.00,"Model Makers, Metal and Plastic",
RCA,3,51-7031.00,"Model Makers, Wood",
RC,3,49-3051.00,Motorboat Mechanics and Service Technicians,Y
RCI,3,49-3052.00,Motorcycle Mechanics,
RAC,3,49-9063.00,Musical Instrument Repairers and Tuners,
RIC,3,29-2033.00,Nuclear Medicine Technologists,
RCI,3,19-4051.02,Nuclear Monitoring Technicians,
RC,3,51-8011.00,Nuclear Power Reactor Operators,
RCI,3,19-4051.00,Nuclear Technicians,
RCI,3,19-5012.00,Occupational Health and Safety Technicians,Y
RCI,3,29-2057.00,Ophthalmic Medical Technicians,
RIC,3,29-2099.05,Ophthalmic Medical Technologists,
RCA,3,51-4062.00,"Patternmakers, Metal and Plastic",
RCA,3,51-7032.00,"Patternmakers, Wood",
RCI,3,31-9097.00,Phlebotomists,Y
RA,3,27-4021.00,Photographers,
RCI,3,17-3029.08,Photonics Technicians,
RC,3,47-2152.00,"Plumbers, Pipefitters, and Steamfitters",
RCE,3,33-3051.00,Police and Sheriff's Patrol Officers,
RC,3,51-9195.05,"Potters, Manufacturing",
RC,3,51-8012.00,Power Distributors and Dispatchers,
RIC,3,19-4012.01,Precision Agriculture Technicians,Y
RSI,3,29-1124.00,Radiation Therapists,
RCI,3,49-2021.00,"Radio, Cellular, and Tower Equipment Installers and Repairers",
RCI,3,29-2034.00,Radiologic Technologists and Technicians,Y
RCI,3,17-3024.01,Robotics Technicians,
RCI,3,49-2098.00,Security and Fire Alarm Systems Installers,
RCE,3,53-5031.00,Ship Engineers,
RC,3,49-9097.00,Signal and Track Switch Repairers,
RS,3,39-5094.00,Skincare Specialists,
REC,3,47-1011.03,Solar Energy Installation Managers,
RC,3,47-2152.04,Solar Thermal Installers and Technicians,
RAC,3,27-4014.00,Sound Engineering Technicians,
RCI,3,51-8021.00,Stationary Engineers and Boiler Operators,
R,3,47-2022.00,Stonemasons,
RCS,3,29-9093.00,Surgical Assistants,
RCS,3,29-2055.00,Surgical Technologists,Y
RCI,3,17-3031.00,Surveying and Mapping Technicians,
RC,3,49-2022.00,"Telecommunications Equipment Installers and Repairers, Except Line Installers",
RC,3,51-4111.00,Tool and Die Makers,
RCI,3,53-6041.00,Traffic Technicians,
RC,3,33-3052.00,Transit and Railroad Police,
RIC,3,29-2056.00,Veterinary Technologists and Technicians,Y
RC,3,49-9064.00,Watch and Clock Repairers,
RC,3,51-8031.00,Water and Wastewater Treatment Plant and System Operators,
RCI,3,49-9081.00,Wind Turbine Service Technicians,Y
RCE,4,53-2011.00,"Airline Pilots, Copilots, and Flight Engineers",Y
RIC,4,17-2141.02,Automotive Engineers,Y
RIC,4,19-4021.00,Biological Technicians,Y
RIC,4,17-2041.00,Chemical Engineers,Y
RIC,4,17-2051.00,Civil Engineers,Y
RIC,4,17-2061.00,Computer Hardware Engineers,Y
RIC,4,17-2071.00,Electrical Engineers,
RIC,4,17-2072.00,"Electronics Engineers, Except Computer",Y
RIC,4,17-2199.03,"Energy Engineers, Except Wind and Solar",
RIC,4,17-3025.00,Environmental Engineering Technologists and Technicians,
RIS,4,29-1128.00,Exercise Physiologists,Y
RIC,4,17-2111.02,Fire-Prevention and Protection Engineers,
RCI,4,33-3031.00,Fish and Game Wardens,
RIC,4,19-1032.00,Foresters,
RIC,4,17-2141.01,Fuel Cell Engineers,Y
RCI,4,17-1022.01,Geodetic Surveyors,Y
RCI,4,19-4043.00,"Geological Technicians, Except Hydrologic Technicians",Y
RIA,4,17-1012.00,Landscape Architects,
RIC,4,17-2112.03,Manufacturing Engineers,Y
RIC,4,17-2121.00,Marine Engineers and Naval Architects,
RIC,4,17-2131.00,Materials Engineers,Y
RIC,4,17-2141.00,Mechanical Engineers,Y
RIC,4,17-2199.05,Mechatronics Engineers,
RIC,4,17-2151.00,"Mining and Geological Engineers, Including Mining Safety Engineers",
RC,4,25-4013.00,Museum Technicians and Conservators,Y
RIC,4,17-3026.01,Nanotechnology Engineering Technologists and Technicians,
RIC,4,17-2171.00,Petroleum Engineers,
RIE,4,19-1031.02,Range Managers,Y
RCI,4,19-4099.03,Remote Sensing Technicians,Y
RIC,4,17-2199.08,Robotics Engineers,
RIC,4,17-2199.11,Solar Energy Systems Engineers,Y
RIC,4,17-2051.01,Transportation Engineers,Y
RIC,4,17-2051.02,Water/Wastewater Engineers,Y
RIC,4,17-2199.10,Wind Energy Engineers,
RAI,5,17-1011.00,"Architects, Except Landscape and Naval",Y
RIS,5,29-2091.00,Orthotists and Prosthetists,Y
RIS,5,29-1024.00,Prosthodontists,Y
RI,5,29-1131.00,Veterinarians,Y
SR,5,25-2059.01,Adapted Physical Education Specialists,Y
IR,5,19-3091.00,Anthropologists and Archeologists,Y
IR,5,19-2011.00,Astronomers,Y
SRI,5,29-9091.00,Athletic Trainers,Y
SRI,5,29-1011.00,Chiropractors,Y
IRC,5,29-2011.02,Cytotechnologists,Y
IRS,5,29-1021.00,"Dentists, General",Y
IRS,5,29-1213.00,Dermatologists,Y
IRC,5,19-2041.02,Environmental Restoration Planners,Y
IRC,5,19-2042.00,"Geoscientists, Except Hydrologists and Geographers",Y
IRC,5,17-2112.01,Human Factors Engineers and Ergonomists,Y
IRC,5,17-2199.06,Microsystems Engineers,Y
SRI,5,29-1151.00,Nurse Anesthetists,Y
IRC,5,29-1023.00,Orthodontists,Y
IRS,5,29-1242.00,"Orthopedic Surgeons, Except Pediatric",Y
IR,5,19-1013.00,Soil and Plant Scientists,Y
